Name,Hash,Id,Tag,Tier,Type,Source,Equippable,Power,Power Limit,Masterwork Type,Masterwork Tier,Owner,Armor2.0,Locked,Equipped,Year,Season,Event,Mobility,Resilience,Recovery,Discipline,Intellect,Strength,Total,Custom,Mobility (Base),Resilience (Base),Recovery (Base),Discipline (Base),Intellect (Base),Strength (Base),Total (Base),Custom (Base),Seasonal Mod,Notes,Perks 0,Perks 1,Perks 2,Perks 3,Perks 4,Perks 5,Perks 6
Holdfast Mask,3097544525,"""6917529203436578012""",,Legendary,Helmet,seasonpass,Hunter,1050,1360,Solar Energy Capacity,6,Hunter(1053),true,true,false,3,11,,16,7,9,11,14,6,63,15,16,7,9,11,14,6,63,15,legacy,,Upgrade Armor*,,,,,,
Righteous Mask,382498903,"""6917529194257587453""",,Legendary,Helmet,seasonpass,Hunter,1050,1260,Arc Energy Capacity,4,Hunter(1053),true,true,false,3,9,,9,13,9,18,2,10,61,19,9,13,9,18,2,10,61,19,legacy,,Upgrade Armor*,,,,,,
Righteous Mask,382498903,"""6917529156783607867""",,Legendary,Helmet,seasonpass,Hunter,1050,1260,Void Energy Capacity,6,Hunter(1053),true,true,false,3,9,,10,26,6,18,2,12,74,18,10,16,6,18,2,12,64,18,legacy,,Resilience Mod*,Upgrade Armor*,Virtuous Mask*,,,,
Seventh Seraph Cowl,2234841490,"""6917529177730943323""",,Legendary,Helmet,seasonpass,Hunter,1050,1310,Solar Energy Capacity,6,Hunter(1053),true,true,false,3,10,,16,7,9,11,14,6,63,15,16,7,9,11,14,6,63,15,legacy,,Upgrade Armor*,,,,,,
Holdfast Mask,3097544525,"""6917529203390916885""",,Legendary,Helmet,seasonpass,Hunter,1050,1360,Solar Energy Capacity,3,Hunter(1053),true,true,false,3,11,,12,8,6,6,13,7,52,13,12,8,6,6,13,7,52,13,legacy,,Upgrade Armor*,,,,,,
Holdfast Mask,3097544525,"""6917529203419109319""",,Legendary,Helmet,seasonpass,Hunter,1050,1360,Solar Energy Capacity,1,Hunter(1053),true,true,false,3,11,,6,6,12,6,10,6,46,18,6,6,12,6,10,6,46,18,legacy,,Change Energy Type*,,,,,,
Holdfast Mask,3097544525,"""6917529203436577572""",,Legendary,Helmet,seasonpass,Hunter,1050,1360,Solar Energy Capacity,1,Hunter(1053),true,true,false,3,11,,6,6,12,6,10,6,46,18,6,6,12,6,10,6,46,18,legacy,,Change Energy Type*,,,,,,
Swordflight 4.1,2094233929,"""6917529178807275906""",,Legendary,Helmet,crucible,Hunter,1050,1310,Void Energy Capacity,1,Hunter(1053),true,true,false,3,10,,11,2,14,7,16,2,52,16,11,2,14,7,16,2,52,16,legacy,,Change Energy Type*,,,,,,
Iron Remembrance Casque,2845071512,"""6917529178783678244""",,Legendary,Helmet,ironbanner,Hunter,1050,1310,Solar Energy Capacity,3,Hunter(1053),true,true,false,3,10,,8,9,12,2,22,7,60,19,8,9,12,2,22,7,60,19,legacy,,Iron Precious*,Upgrade Armor*,,,,,
Holdfast Grips,3750210364,"""6917529203431002556""",,Legendary,Gauntlets,seasonpass,Hunter,1050,1360,Solar Energy Capacity,6,Hunter(1053),true,true,false,3,11,,22,6,6,9,12,12,67,18,22,6,6,9,12,12,67,18,legacy,,Upgrade Armor*,,,,,,
Holdfast Grips,3750210364,"""6917529203425347177""",,Legendary,Gauntlets,seasonpass,Hunter,1050,1360,Solar Energy Capacity,3,Hunter(1053),true,true,false,3,11,,14,10,2,8,8,10,52,12,14,10,2,8,8,10,52,12,legacy,,Upgrade Armor*,,,,,,
Iron Remembrance Grips,3308875113,"""6917529178300581642""",,Legendary,Gauntlets,ironbanner,Hunter,1050,1310,Void Energy Capacity,2,Hunter(1053),true,true,false,3,10,,14,9,6,14,14,2,59,8,14,9,6,14,14,2,59,8,legacy,,Iron Precious*,Upgrade Armor*,,,,,
Iron Remembrance Grips,3308875113,"""6917529178796139377""",,Legendary,Gauntlets,ironbanner,Hunter,1050,1310,Void Energy Capacity,1,Hunter(1053),true,true,false,3,10,,6,12,8,11,9,8,54,16,6,12,8,11,9,8,54,16,legacy,,Iron Precious*,Change Energy Type*,,,,,
Holdfast Grips,3750210364,"""6917529203425344360""",,Legendary,Gauntlets,seasonpass,Hunter,1050,1360,Solar Energy Capacity,1,Hunter(1053),true,true,false,3,11,,6,6,12,12,6,6,48,18,6,6,12,12,6,6,48,18,legacy,,Change Energy Type*,,,,,,
Holdfast Grips,3750210364,"""6917529203431010022""",,Legendary,Gauntlets,seasonpass,Hunter,1050,1360,Solar Energy Capacity,1,Hunter(1053),true,true,false,3,11,,6,6,12,12,6,6,48,18,6,6,12,12,6,6,48,18,legacy,,Change Energy Type*,,,,,,
Iron Remembrance Grips,3308875113,"""6917529179118874363""",,Legendary,Gauntlets,ironbanner,Hunter,1050,1310,Arc Energy Capacity,2,Hunter(1053),true,true,false,3,10,,16,11,2,18,7,7,61,9,16,11,2,18,7,7,61,9,legacy,,Iron Precious*,Upgrade Armor*,,,,,
Seventh Seraph Grips,2701297915,"""6917529177736433334""",,Legendary,Gauntlets,seasonpass,Hunter,1050,1310,Solar Energy Capacity,6,Hunter(1053),true,true,false,3,10,,22,6,6,9,12,12,67,18,22,6,6,9,12,12,67,18,legacy,,Upgrade Armor*,,,,,,
The Took Offense,1959285715,"""6917529178471774971""",,Legendary,Gauntlets,strikes,Hunter,1050,1310,Void Energy Capacity,2,Hunter(1053),true,true,false,3,10,,2,6,20,7,13,7,55,27,2,6,20,7,13,7,55,27,legacy,,Upgrade Armor*,,,,,,
Seventh Seraph Vest,4224643669,"""6917529177725632618""",,Legendary,Chest Armor,seasonpass,Hunter,1050,1310,Solar Energy Capacity,6,Hunter(1053),true,true,false,3,10,,16,22,6,6,19,8,77,14,16,12,6,6,19,8,67,14,legacy,,Resilience Mod*,Upgrade Armor*,,,,,
Seventh Seraph Vest,4224643669,"""6917529177736432529""",,Legendary,Chest Armor,seasonpass,Hunter,1050,1310,Solar Energy Capacity,1,Hunter(1053),true,true,false,3,10,,6,12,6,6,6,10,46,16,6,12,6,6,6,10,46,16,legacy,,Change Energy Type*,,,,,,
Swordflight 4.1,2680535688,"""6917529178040633908""",,Legendary,Chest Armor,crucible,Hunter,1050,1310,Arc Energy Capacity,3,Hunter(1053),true,true,false,3,10,,14,6,9,6,13,8,56,17,14,6,9,6,13,8,56,17,legacy,,Upgrade Armor*,,,,,,
Holdfast Vest,2930001572,"""6917529203436578009""",,Legendary,Chest Armor,seasonpass,Hunter,1050,1360,Solar Energy Capacity,6,Hunter(1053),true,true,false,3,11,,16,12,6,6,19,8,67,14,16,12,6,6,19,8,67,14,legacy,,Upgrade Armor*,,,,,,
Holdfast Vest,2930001572,"""6917529203431006341""",,Legendary,Chest Armor,seasonpass,Hunter,1050,1360,Solar Energy Capacity,3,Hunter(1053),true,true,false,3,11,,13,7,6,6,13,7,52,13,13,7,6,6,13,7,52,13,legacy,,Upgrade Armor*,,,,,,
Holdfast Vest,2930001572,"""6917529203436579570""",,Legendary,Chest Armor,seasonpass,Hunter,1050,1360,Solar Energy Capacity,1,Hunter(1053),true,true,false,3,11,,6,12,6,6,6,10,46,16,6,12,6,6,6,10,46,16,legacy,,Change Energy Type*,,,,,,
Holdfast Vest,2930001572,"""6917529203431006593""",,Legendary,Chest Armor,seasonpass,Hunter,1050,1360,Solar Energy Capacity,1,Hunter(1053),true,true,false,3,11,,6,12,6,6,6,10,46,16,6,12,6,6,6,10,46,16,legacy,,Change Energy Type*,,,,,,
Scorned Baron Vest,902989307,"""6917529203436580318""",,Legendary,Chest Armor,tangled,Hunter,1050,1060,Arc Energy Capacity,4,Hunter(1053),true,true,false,3,8,,2,10,19,16,2,13,62,32,2,10,19,16,2,13,62,32,legacy,,Upgrade Armor*,,,,,,
Righteous Vest,344824594,"""6917529156801552269""",,Legendary,Chest Armor,seasonpass,Hunter,1050,1260,Void Energy Capacity,6,Hunter(1053),true,true,false,3,9,,16,22,6,16,9,7,76,13,16,12,6,16,9,7,66,13,legacy,,Resilience Mod*,Upgrade Armor*,Valkyrian Vest*,,,,
Seventh Seraph Strides,1151338093,"""6917529177736441161""",,Legendary,Leg Armor,seasonpass,Hunter,1050,1310,Solar Energy Capacity,6,Hunter(1053),true,true,false,3,10,,14,12,7,12,9,12,66,19,14,12,7,12,9,12,66,19,legacy,,Upgrade Armor*,,,,,,
Iron Remembrance Strides,3600816955,"""6917529179537686318""",,Legendary,Leg Armor,ironbanner,Hunter,1050,1310,Arc Energy Capacity,4,Hunter(1053),true,true,false,3,10,,15,12,2,6,14,9,58,11,15,12,2,6,14,9,58,11,legacy,,Iron Precious*,Upgrade Armor*,,,,,
Holdfast Strides,3136019014,"""6917529203436576403""",,Legendary,Leg Armor,seasonpass,Hunter,1050,1360,Solar Energy Capacity,6,Hunter(1053),true,true,false,3,11,,14,12,7,12,9,12,66,19,14,12,7,12,9,12,66,19,legacy,,Upgrade Armor*,,,,,,
Iron Remembrance Strides,3600816955,"""6917529179118876331""",,Legendary,Leg Armor,ironbanner,Hunter,1050,1310,Solar Energy Capacity,1,Hunter(1053),true,true,false,3,10,,16,2,12,9,8,14,61,26,16,2,12,9,8,14,61,26,legacy,,Iron Precious*,Change Energy Type*,,,,,
Holdfast Strides,3136019014,"""6917529203436572653""",,Legendary,Leg Armor,seasonpass,Hunter,1050,1360,Solar Energy Capacity,3,Hunter(1053),true,true,false,3,11,,11,7,8,6,12,8,52,16,11,7,8,6,12,8,52,16,legacy,,Upgrade Armor*,,,,,,
Holdfast Strides,3136019014,"""6917529203425349172""",,Legendary,Leg Armor,seasonpass,Hunter,1050,1360,Solar Energy Capacity,1,Hunter(1053),true,true,false,3,11,,16,2,6,6,12,6,48,12,16,2,6,6,12,6,48,12,legacy,,Change Energy Type*,,,,,,
Holdfast Strides,3136019014,"""6917529203436580686""",,Legendary,Leg Armor,seasonpass,Hunter,1050,1360,Solar Energy Capacity,1,Hunter(1053),true,true,false,3,11,,16,2,6,6,12,6,48,12,16,2,6,6,12,6,48,12,legacy,,Change Energy Type*,,,,,,
The Took Offense,1269679141,"""6917529178471779592""",,Legendary,Leg Armor,strikes,Hunter,1050,1310,Solar Energy Capacity,4,Hunter(1053),true,true,false,3,10,,9,6,14,12,11,2,54,16,9,6,14,12,11,2,54,16,legacy,,Upgrade Armor*,,,,,,
Righteous Strides,299852984,"""6917529156801558964""",,Legendary,Leg Armor,seasonpass,Hunter,1050,1260,Void Energy Capacity,6,Hunter(1053),true,true,false,3,9,,14,12,7,10,12,11,66,18,14,12,7,10,12,11,66,18,legacy,,Upgrade Armor*,,,,,,
Binary Phoenix Cloak,87665893,"""6917529178311998445""",,Legendary,Hunter Cloak,crucible,Hunter,1050,1310,Arc Energy Capacity,1,Hunter(1053),true,false,false,3,10,,0,0,0,0,0,0,0,0,0,0,0,0,0,0,0,0,legacy,,Change Energy Type*,,,,,,
Xenos Vale Bond,1805830669,"""6917529180261890736""",,Legendary,Warlock Bond,strikes,Warlock,1050,1310,Void Energy Capacity,3,Hunter(1053),true,false,false,3,10,,0,0,0,0,0,0,0,0,0,0,0,0,0,0,0,0,legacy,,Upgrade Armor*,,,,,,
Cloak of Remembrance,1339294334,"""6917529179118876993""",,Legendary,Hunter Cloak,ironbanner,Hunter,1050,1310,Solar Energy Capacity,1,Hunter(1053),true,false,false,3,10,,0,0,0,0,0,0,0,0,0,0,0,0,0,0,0,0,legacy,,Iron Precious*,Change Energy Type*,,,,,
Seventh Seraph Bond,3246983801,"""6917529180079916577""",,Legendary,Warlock Bond,seasonpass,Warlock,1050,1310,Solar Energy Capacity,6,Hunter(1053),true,false,false,3,10,,0,0,0,0,0,0,0,0,0,0,0,0,0,0,0,0,legacy,,Upgrade Armor*,,,,,,
Righteous Cloak,940065571,"""6917529156777822299""",,Legendary,Hunter Cloak,seasonpass,Hunter,1050,1260,Void Energy Capacity,6,Hunter(1053),true,false,false,3,9,,0,0,0,0,0,0,0,0,0,0,0,0,0,0,0,0,legacy,,Upgrade Armor*,,,,,,
Seventh Seraph Cloak,3346592680,"""6917529178601825376""",,Legendary,Hunter Cloak,seasonpass,Hunter,1050,1310,Solar Energy Capacity,2,Hunter(1053),true,false,false,3,10,,0,0,0,0,0,0,0,0,0,0,0,0,0,0,0,0,legacy,,Upgrade Armor*,,,,,,
Sage Rivalry Bond,3365248655,"""6917529179774252290""",,Legendary,Warlock Bond,,Warlock,1050,1310,Void Energy Capacity,7,Hunter(1053),true,false,false,3,10,Guardian Games,0,0,0,0,0,0,0,0,0,0,0,0,0,0,0,0,legacy,,Distribution*,Perpetuation*,Spirit of Competition*,Iron Precious*,Upgrade Armor*,,
Holdfast Cloak,3673831673,"""6917529203436577605""",,Legendary,Hunter Cloak,seasonpass,Hunter,1050,1360,Solar Energy Capacity,1,Hunter(1053),true,false,false,3,11,,0,0,0,0,0,0,0,0,0,0,0,0,0,0,0,0,legacy,,Change Energy Type*,,,,,,
The Took Offense,2408514352,"""6917529178471777909""",,Legendary,Hunter Cloak,strikes,Hunter,1050,1310,Arc Energy Capacity,1,Hunter(1053),true,false,false,3,10,,0,0,0,0,0,0,0,0,0,0,0,0,0,0,0,0,legacy,,Change Energy Type*,,,,,,
Celestial Nighthawk,1321354573,"""6917529108685335406""",,Exotic,Helmet,,Hunter,1050,,Solar Energy Capacity,5,Hunter(1053),true,false,true,1,1,,7,13,6,6,12,6,50,12,7,13,6,6,12,6,50,12,combatstyle,,Minor Resist*,Scatter Projectile Targeting*,Ironwood*,Upgrade Armor*,Hawkeye Hack*,,
Righteous Grips,3750877150,"""6917529156801561824""",,Legendary,Gauntlets,seasonpass,Hunter,1050,1260,Void Energy Capacity,6,Hunter(1053),true,true,true,3,9,,12,22,9,14,6,11,74,20,12,12,9,14,6,11,64,20,legacy,,Resilience Mod*,Upgrade Armor*,Valkyrian Grips*,,,,
Iron Remembrance Vest,92135663,"""6917529178807279905""",,Legendary,Chest Armor,ironbanner,Hunter,1050,1310,Solar Energy Capacity,1,Hunter(1053),true,true,true,3,10,,7,13,9,2,21,8,60,17,7,13,9,2,21,8,60,17,legacy,,Iron Precious*,Change Energy Type*,Valkyrian Vest*,,,,
Iron Remembrance Strides,3600816955,"""6917529178330415248""",,Legendary,Leg Armor,ironbanner,Hunter,1050,1310,Solar Energy Capacity,2,Hunter(1053),true,true,true,3,10,,17,7,6,6,7,16,59,22,17,7,6,6,7,16,59,22,legacy,,Iron Precious*,Upgrade Armor*,,,,,
Cloak of Remembrance,1339294334,"""6917529178034813165""",,Legendary,Hunter Cloak,ironbanner,Hunter,1050,1310,Solar Energy Capacity,3,Hunter(1053),true,false,true,3,10,,0,10,0,0,0,0,10,0,0,0,0,0,0,0,0,0,legacy,,Resilience Mod*,Iron Precious*,Upgrade Armor*,Valkyrian Cloak*,,,
Atonement Tau,3524846593,"""6917529208558530393""",,Rare,Helmet,,Warlock,1101,,Solar Energy Capacity,5,Warlock(1066),true,false,false,2,4,,12,13,2,6,6,12,51,8,12,13,2,6,6,12,51,8,,,Upgrade Armor*,,,,,,
Tesseract Trace IV,2339155434,"""6917529207625303788""",,Legendary,Helmet,legendaryengram,Warlock,1063,1360,Void Energy Capacity,1,Warlock(1066),true,false,false,3,11,,11,6,9,12,2,16,56,21,11,6,9,12,2,16,56,21,legacy,,Change Energy Type*,,,,,,
Anti-Extinction Hood,245450812,"""6917529208558527652""",,Legendary,Helmet,do,Warlock,1112,1310,Void Energy Capacity,1,Warlock(1066),true,false,false,3,10,,6,8,12,11,2,14,53,23,6,8,12,11,2,14,53,23,legacy,,Change Energy Type*,,,,,,
Prophet Snow,2151724216,"""6917529208505722754""",,Rare,Helmet,,Warlock,1067,,Solar Energy Capacity,5,Warlock(1066),true,false,false,2,4,,2,8,16,2,10,12,50,18,2,8,16,2,10,12,50,18,,,Upgrade Armor*,,,,,,
Prophet Snow,2151724216,"""6917529208505729770""",,Rare,Helmet,,Warlock,1073,,Solar Energy Capacity,5,Warlock(1066),true,false,false,2,4,,2,6,16,6,6,10,46,22,2,6,16,6,6,10,46,22,,,Upgrade Armor*,,,,,,
Holdfast Cover,1173249516,"""6917529212583170733""",,Legendary,Helmet,seasonpass,Warlock,1113,1360,Solar Energy Capacity,6,Warlock(1066),true,false,false,3,11,,8,10,14,11,14,6,63,25,8,10,14,11,14,6,63,25,legacy,,Upgrade Armor*,,,,,,
Prophet Snow,2151724216,"""6917529208505723956""",,Rare,Helmet,,Warlock,1077,,Arc Energy Capacity,5,Warlock(1066),true,false,false,2,4,,7,7,12,10,11,2,49,22,7,7,12,10,11,2,49,22,,,Upgrade Armor*,,,,,,
Ophidian Aspect,3627185503,"""6917529166386831953""",,Exotic,Gauntlets,,Warlock,1051,,Void Energy Capacity,10,Warlock(1066),true,true,false,1,2,,12,19,16,8,11,17,83,20,10,7,14,6,9,15,61,20,combatstyle,,Resilience Mod*,Fastball*,Amethyst Veil*,Upgrade Armor*,Cobra Totemic*,,
Seventh Seraph Gloves,2443609020,"""6917529207619909382""",,Legendary,Gauntlets,seasonpass,Warlock,1062,1310,Arc Energy Capacity,3,Warlock(1066),true,false,false,3,10,,8,2,16,2,7,19,54,18,8,2,16,2,7,19,54,18,legacy,,Upgrade Armor*,,,,,,
Atonement Tau,67798808,"""6917529208510789108""",,Rare,Gauntlets,,Warlock,1080,,Solar Energy Capacity,5,Warlock(1066),true,false,false,2,4,,6,12,6,6,6,11,47,12,6,12,6,6,6,11,47,12,,,Upgrade Armor*,,,,,,
Prophet Snow,2190967049,"""6917529208544272978""",,Rare,Gauntlets,,Warlock,1092,,Arc Energy Capacity,5,Warlock(1066),true,false,false,2,4,,6,7,11,12,6,6,48,23,6,7,11,12,6,6,48,23,,,Upgrade Armor*,,,,,,
Prophet Snow,2190967049,"""6917529208566453699""",,Rare,Gauntlets,,Warlock,1110,,Void Energy Capacity,5,Warlock(1066),true,false,false,2,4,,2,12,12,11,6,7,50,23,2,12,12,11,6,7,50,23,,,Upgrade Armor*,,,,,,
Wild Hunt Gloves,1276513983,"""6917529208566455151""",,Legendary,Gauntlets,seasonpass,Warlock,1110,1410,Arc Energy Capacity,1,Warlock(1066),true,false,false,4,12,,12,6,6,6,6,12,48,12,12,6,6,6,6,12,48,12,combatstyle,,Change Energy Type*,,,,,,
Atonement Tau,67798808,"""6917529208558526497""",,Rare,Gauntlets,,Warlock,1120,,Solar Energy Capacity,5,Warlock(1066),true,false,false,2,4,,16,2,6,6,6,12,48,12,16,2,6,6,6,12,48,12,,,Upgrade Armor*,,,,,,
Vigil of Heroes,1108278178,"""6917529196776982405""",,Legendary,Chest Armor,strikes,Warlock,1053,1360,Void Energy Capacity,2,Warlock(1066),true,true,false,3,11,,10,6,12,7,6,17,58,19,10,6,12,7,6,17,58,19,legacy,keep,Vanguard Veteran*,Upgrade Armor*,,,,,
Atonement Tau,3391214896,"""6917529208505724478""",,Rare,Chest Armor,,Warlock,1069,,Solar Energy Capacity,5,Warlock(1066),true,false,false,2,4,,2,17,6,2,6,16,49,8,2,17,6,2,6,16,49,8,,,Upgrade Armor*,,,,,,
Righteous Robes,3931361417,"""6917529156666286428""",,Legendary,Chest Armor,seasonpass,Warlock,1050,1260,Arc Energy Capacity,7,Warlock(1066),true,true,false,3,9,,10,12,21,16,9,7,75,27,10,12,11,16,9,7,65,27,legacy,keep,Recovery Mod*,Unflinching Auto Rifle Aim*,Shield Break Charge*,Cargulo Bristle*,Change Energy Type*,Luxe Overcoat*,
Atonement Tau,3391214896,"""6917529208510791751""",,Rare,Chest Armor,,Warlock,1075,,Void Energy Capacity,5,Warlock(1066),true,false,false,2,4,,12,2,12,12,2,12,52,24,12,2,12,12,2,12,52,24,,,Upgrade Armor*,,,,,,
Atonement Tau,3391214896,"""6917529208558523869""",,Rare,Chest Armor,,Warlock,1100,,Solar Energy Capacity,5,Warlock(1066),true,false,false,2,4,,11,7,6,6,6,10,46,12,11,7,6,6,6,10,46,12,,,Upgrade Armor*,,,,,,
Atonement Tau,3391214896,"""6917529208505730234""",,Rare,Chest Armor,,Warlock,1091,,Void Energy Capacity,5,Warlock(1066),true,false,false,2,4,,6,10,6,7,2,17,48,13,6,10,6,7,2,17,48,13,,,Upgrade Armor*,,,,,,
Chiron's Cure,2943629439,"""6917529208516261311""",,Rare,Chest Armor,,Warlock,1089,,Solar Energy Capacity,5,Warlock(1066),true,false,false,2,4,,7,12,6,16,6,2,49,22,7,12,6,16,6,2,49,22,,,Upgrade Armor*,,,,,,
Atonement Tau,3391214896,"""6917529208566457451""",,Rare,Chest Armor,,Warlock,1118,,Void Energy Capacity,5,Warlock(1066),true,false,false,2,4,,8,7,10,6,10,8,49,16,8,7,10,6,10,8,49,16,,,Upgrade Armor*,,,,,,
Holdfast Robes,119457531,"""6917529212583168437""",,Legendary,Chest Armor,seasonpass,Warlock,1113,1360,Solar Energy Capacity,6,Warlock(1066),true,false,false,3,11,,7,7,18,6,19,8,65,24,7,7,18,6,19,8,65,24,legacy,,Upgrade Armor*,,,,,,
Atonement Tau,2822491218,"""6917529208551583348""",,Rare,Leg Armor,,Warlock,1097,,Arc Energy Capacity,5,Warlock(1066),true,false,false,2,4,,6,11,6,16,2,6,47,22,6,11,6,16,2,6,47,22,,,Upgrade Armor*,,,,,,
Holdfast Boots,674876967,"""6917529199682503691""",,Legendary,Leg Armor,seasonpass,Warlock,1055,1360,Solar Energy Capacity,2,Warlock(1066),true,true,false,3,11,,9,13,7,9,11,10,59,16,9,13,7,9,11,10,59,16,legacy,keep,Upgrade Armor*,,,,,,
Simulator Legs,2401694485,"""6917529208510789047""",,Legendary,Leg Armor,fwc,Warlock,1074,1310,Arc Energy Capacity,3,Warlock(1066),true,false,false,3,10,,8,13,6,23,2,2,54,29,8,13,6,23,2,2,54,29,legacy,,Upgrade Armor*,,,,,,
Atonement Tau,2822491218,"""6917529208500244848""",,Rare,Leg Armor,,Warlock,1080,,Solar Energy Capacity,5,Warlock(1066),true,false,false,2,4,,16,8,2,7,2,17,52,9,16,8,2,7,2,17,52,9,,,Upgrade Armor*,,,,,,
Prophet Snow,2441435355,"""6917529208558530050""",,Rare,Leg Armor,,Warlock,1109,,Solar Energy Capacity,5,Warlock(1066),true,false,false,2,4,,6,2,19,6,2,16,51,25,6,2,19,6,2,16,51,25,,,Upgrade Armor*,,,,,,
Farseeker's March,622291842,"""6917529208566460401""",,Rare,Leg Armor,,Warlock,1111,,Arc Energy Capacity,5,Warlock(1066),true,false,false,2,4,,2,17,6,22,2,2,51,28,2,17,6,22,2,2,51,28,,,Upgrade Armor*,,,,,,
Holdfast Boots,674876967,"""6917529212583171390""",,Legendary,Leg Armor,seasonpass,Warlock,1112,1360,Solar Energy Capacity,6,Warlock(1066),true,false,false,3,11,,7,6,20,12,9,12,66,32,7,6,20,12,9,12,66,32,legacy,,Upgrade Armor*,,,,,,
Bond of Forgotten Wars,1630079134,"""6917529208566458849""",,Rare,Warlock Bond,,Warlock,1105,,Void Energy Capacity,5,Warlock(1066),true,false,false,2,4,,0,0,0,0,0,0,0,0,0,0,0,0,0,0,0,0,,,Upgrade Armor*,,,,,,
Stella Incognita Bond,1730282946,"""6917529208494708232""",,Legendary,Warlock Bond,do,Warlock,1070,1310,Void Energy Capacity,3,Warlock(1066),true,false,false,3,10,,0,0,0,0,0,0,0,0,0,0,0,0,0,0,0,0,legacy,,Upgrade Armor*,,,,,,
Holdfast Bond,2771141010,"""6917529212583171719""",,Legendary,Warlock Bond,seasonpass,Warlock,1112,1360,Solar Energy Capacity,6,Warlock(1066),true,false,false,3,11,,0,0,0,0,0,0,0,0,0,0,0,0,0,0,0,0,legacy,,Upgrade Armor*,,,,,,
Fatum Praevaricator,2742930797,"""6917529208510784441""",,Rare,Warlock Bond,,Warlock,1080,,Arc Energy Capacity,5,Warlock(1066),true,false,false,2,4,,0,0,0,0,0,0,0,0,0,0,0,0,0,0,0,0,,,Upgrade Armor*,,,,,,
Stagnatious Rebuke,1988790493,"""6917529208551582253""",,Rare,Warlock Bond,,Warlock,1098,,Solar Energy Capacity,5,Warlock(1066),true,false,false,2,4,,0,0,0,0,0,0,0,0,0,0,0,0,0,0,0,0,,,Upgrade Armor*,,,,,,
Nezarec's Sin,3381022971,"""6917529103726532359""",,Exotic,Helmet,,Warlock,1082,,Void Energy Capacity,8,Warlock(1066),true,false,true,1,1,,10,7,17,6,6,10,56,13,10,7,7,6,6,10,46,13,combatstyle,,Recovery Mod*,Dynamo*,Cargulo Bristle*,Upgrade Armor*,Abyssal Extractors*,,
Seventh Seraph Gloves,2443609020,"""6917529168999615864""",,Legendary,Gauntlets,seasonpass,Warlock,1050,1310,Solar Energy Capacity,8,Warlock(1066),true,true,true,3,10,,6,6,22,9,12,17,72,31,6,6,22,9,12,12,67,31,legacy,keep,Minor Strength Mod*,Overload Rounds (Scout Rifle)*,Auto Rifle Loader*,Sustained Charge*,Cargulo Bristle*,Upgrade Armor*,Mihaylova's Instruments*
Iron Fellowship Robes,2522706952,"""6917529196889482717""",,Legendary,Chest Armor,ironbanner,Warlock,1075,1360,Void Energy Capacity,10,Warlock(1066),true,true,true,3,11,,9,26,14,12,4,21,86,12,7,24,2,10,2,19,64,12,legacy,keep,Recovery Mod*,Unflinching Auto Rifle Aim*,Sniper Damage Resistance*,Taking Charge*,Iron Vendetta*,Upgrade Armor*,Luxe Overcoat*
Iron Will Steps,1498852482,"""6917529134641965708""",,Legendary,Leg Armor,ironbanner,Warlock,1050,1060,Solar Energy Capacity,7,Warlock(1066),true,true,true,3,8,,2,17,19,17,2,10,67,36,2,7,19,17,2,10,57,36,legacy,,Resilience Mod*,Traction*,Firepower*,Cargulo Bristle*,Upgrade Armor*,Timur's Iron Boots*,
Hodiocentrist Bond,2581516944,"""6917529195637149294""",,Legendary,Warlock Bond,legendaryengram,Warlock,1050,1360,Void Energy Capacity,7,Warlock(1066),true,false,true,3,11,,0,0,0,0,0,0,0,0,0,0,0,0,0,0,0,0,legacy,,Protective Light*,Upgrade Armor*,,,,,
Holdfast Helm,1214477175,"""6917529203436579705""",,Legendary,Helmet,seasonpass,Titan,1050,1360,Solar Energy Capacity,1,Titan(1053),true,true,false,3,11,,6,6,12,6,10,6,46,18,6,6,12,6,10,6,46,18,legacy,,Change Energy Type*,,,,,,
Holdfast Helm,1214477175,"""6917529203436578716""",,Legendary,Helmet,seasonpass,Titan,1050,1360,Solar Energy Capacity,1,Titan(1053),true,true,false,3,11,,6,6,12,6,10,6,46,18,6,6,12,6,10,6,46,18,legacy,,Change Energy Type*,,,,,,
Holdfast Helm,1214477175,"""6917529203436580910""",,Legendary,Helmet,seasonpass,Titan,1050,1360,Solar Energy Capacity,3,Titan(1053),true,true,false,3,11,,8,11,7,6,13,7,52,18,8,11,7,6,13,7,52,18,legacy,,Upgrade Armor*,,,,,,
Holdfast Helm,1214477175,"""6917529203436581395""",,Legendary,Helmet,seasonpass,Titan,1050,1360,Solar Energy Capacity,6,Titan(1053),true,true,false,3,11,,7,18,7,11,14,6,63,25,7,18,7,11,14,6,63,25,legacy,,Upgrade Armor*,,,,,,
Eternal Warrior,2808156426,"""6917529145694506007""",,Exotic,Helmet,,Titan,1050,,Void Energy Capacity,3,Titan(1053),true,false,false,1,3,,7,4,22,21,7,2,63,26,7,4,22,21,7,2,63,26,combatstyle,,Upgrade Armor*,Resolute*,,,,,
Righteous Helm,238618945,"""6917529156814256796""",,Legendary,Helmet,seasonpass,Titan,1050,1260,Void Energy Capacity,6,Titan(1053),true,true,false,3,9,,10,16,6,18,2,12,64,22,10,16,6,18,2,12,64,22,legacy,,Upgrade Armor*,,,,,,
Seventh Seraph Helmet,2021231310,"""6917529179118874678""",,Legendary,Helmet,seasonpass,Titan,1050,1310,Solar Energy Capacity,6,Titan(1053),true,true,false,3,10,,7,18,7,11,14,6,63,25,7,18,7,11,14,6,63,25,legacy,,Upgrade Armor*,,,,,,
One-Eyed Mask,2578771006,"""6917529131724025047""",,Exotic,Helmet,,Titan,1050,,Void Energy Capacity,3,Titan(1053),true,true,false,2,4,,6,17,13,6,6,10,58,20,6,7,13,6,6,10,48,20,combatstyle,,Resilience Mod*,Upgrade Armor*,Vengeance*,,,,
Verity's Brow,2428181146,"""6917529171550610345""",,Exotic,Helmet,,Warlock,1050,,Solar Energy Capacity,4,Titan(1053),true,false,false,1,3,,12,10,11,16,12,6,67,27,12,10,11,16,12,6,67,27,combatstyle,,Upgrade Armor*,The Fourth Magic*,,,,,
Righteous Gauntlets,1076538456,"""6917529156807646643""",,Legendary,Gauntlets,seasonpass,Titan,1050,1260,Void Energy Capacity,6,Titan(1053),true,true,false,3,9,,6,18,9,14,6,11,64,27,6,18,9,14,6,11,64,27,legacy,,Upgrade Armor*,,,,,,
Seventh Seraph Gauntlets,3046434751,"""6917529179118874042""",,Legendary,Gauntlets,seasonpass,Titan,1050,1310,Solar Energy Capacity,6,Titan(1053),true,true,false,3,10,,2,22,20,9,12,12,77,32,2,22,10,9,12,12,67,32,legacy,,Recovery Mod*,Upgrade Armor*,,,,,
Holdfast Gauntlets,287888126,"""6917529203436579701""",,Legendary,Gauntlets,seasonpass,Titan,1050,1360,Solar Energy Capacity,1,Titan(1053),true,true,false,3,11,,6,6,12,12,6,6,48,18,6,6,12,12,6,6,48,18,legacy,,Change Energy Type*,,,,,,
Holdfast Gauntlets,287888126,"""6917529203431003135""",,Legendary,Gauntlets,seasonpass,Titan,1050,1360,Solar Energy Capacity,1,Titan(1053),true,true,false,3,11,,6,6,12,12,6,6,48,18,6,6,12,12,6,6,48,18,legacy,,Change Energy Type*,,,,,,
Holdfast Gauntlets,287888126,"""6917529203431009775""",,Legendary,Gauntlets,seasonpass,Titan,1050,1360,Solar Energy Capacity,3,Titan(1053),true,true,false,3,11,,6,12,8,8,8,10,52,20,6,12,8,8,8,10,52,20,legacy,,Upgrade Armor*,,,,,,
Holdfast Gauntlets,287888126,"""6917529203436575728""",,Legendary,Gauntlets,seasonpass,Titan,1050,1360,Solar Energy Capacity,6,Titan(1053),true,true,false,3,11,,2,22,10,9,12,12,67,32,2,22,10,9,12,12,67,32,legacy,,Upgrade Armor*,,,,,,
Aeon Safe,1654461647,"""6917529179281135657""",,Exotic,Gauntlets,,Titan,1050,,Arc Energy Capacity,1,Titan(1053),true,false,false,1,2,,9,18,7,14,10,6,64,25,9,18,7,14,10,6,64,25,combatstyle,,Change Energy Type*,Aeon Energy*,,,,,
Citan's Ramparts,1190497097,"""6917529168906224830""",,Exotic,Gauntlets,,Titan,1050,,Solar Energy Capacity,3,Titan(1053),true,false,false,3,10,,10,2,20,13,15,2,62,22,10,2,20,13,15,2,62,22,combatstyle,,Upgrade Armor*,Assault Barricade*,,,,,
Doom Fang Pauldron,241462141,"""6917529151984277660""",,Exotic,Gauntlets,,Titan,1050,,Solar Energy Capacity,5,Titan(1053),true,false,false,1,1,,7,10,12,8,14,7,58,22,7,10,12,8,14,7,58,22,combatstyle,,Upgrade Armor*,Horns of Doom*,,,,,
Righteous Plate,1560040304,"""6917529156814257887""",,Legendary,Chest Armor,seasonpass,Titan,1050,1260,Void Energy Capacity,6,Titan(1053),true,true,false,3,9,,6,32,6,16,9,7,76,28,6,22,6,16,9,7,66,28,legacy,,Resilience Mod*,Upgrade Armor*,Hardy's Journey*,,,,
Holdfast Plate,1585947570,"""6917529203436574809""",,Legendary,Chest Armor,seasonpass,Titan,1050,1360,Solar Energy Capacity,1,Titan(1053),true,true,false,3,11,,6,12,6,6,6,10,46,18,6,12,6,6,6,10,46,18,legacy,,Change Energy Type*,,,,,,
Holdfast Plate,1585947570,"""6917529203419109135""",,Legendary,Chest Armor,seasonpass,Titan,1050,1360,Solar Energy Capacity,1,Titan(1053),true,true,false,3,11,,6,12,6,6,6,10,46,18,6,12,6,6,6,10,46,18,legacy,,Change Energy Type*,,,,,,
Holdfast Plate,1585947570,"""6917529203436573438""",,Legendary,Chest Armor,seasonpass,Titan,1050,1360,Solar Energy Capacity,3,Titan(1053),true,true,false,3,11,,6,14,6,6,13,7,52,20,6,14,6,6,13,7,52,20,legacy,,Upgrade Armor*,,,,,,
Holdfast Plate,1585947570,"""6917529203425350370""",,Legendary,Chest Armor,seasonpass,Titan,1050,1360,Solar Energy Capacity,6,Titan(1053),true,true,false,3,11,,8,17,7,6,19,8,65,24,8,17,7,6,19,8,65,24,legacy,,Upgrade Armor*,,,,,,
Actium War Rig,1591207518,"""6917529143618541038""",,Exotic,Chest Armor,,Titan,1050,,Arc Energy Capacity,2,Titan(1053),true,false,false,1,1,,13,9,8,9,18,2,59,17,13,9,8,9,18,2,59,17,combatstyle,,Upgrade Armor*,Auto-Loading Link*,,,,,
Hallowfire Heart,1192890598,"""6917529147390705162""",,Exotic,Chest Armor,,Titan,1050,,Arc Energy Capacity,1,Titan(1053),true,false,false,1,1,,4,20,9,15,14,2,64,29,4,20,9,15,14,2,64,29,combatstyle,,Change Energy Type*,Sunfire Furnace*,,,,,
Heart of Inmost Light,1341951177,"""6917529143237516899""",,Exotic,Chest Armor,,Titan,1050,,Arc Energy Capacity,3,Titan(1053),true,false,false,2,4,,10,14,6,13,9,10,62,20,10,14,6,13,9,10,62,20,combatstyle,,Upgrade Armor*,Overflowing Light*,,,,,
Severance Enclosure,2326396534,"""6917529142196448217""",,Exotic,Chest Armor,,Titan,1050,,Void Energy Capacity,3,Titan(1053),true,false,false,3,9,,8,10,6,8,10,9,51,16,8,10,6,8,10,9,51,16,combatstyle,,Upgrade Armor*,Spheromatik Trigger*,,,,,
Seventh Seraph Greaves,1967684865,"""6917529179113446296""",,Legendary,Leg Armor,seasonpass,Titan,1050,1310,Solar Energy Capacity,6,Titan(1053),true,true,false,3,10,,7,30,6,12,9,12,76,26,7,20,6,12,9,12,66,26,legacy,,Resilience Mod*,Upgrade Armor*,Hardy's Steps*,,,,
Holdfast Greaves,1131831128,"""6917529203436573156""",,Legendary,Leg Armor,seasonpass,Titan,1050,1360,Solar Energy Capacity,1,Titan(1053),true,true,false,3,11,,16,2,6,6,12,6,48,8,16,2,6,6,12,6,48,8,legacy,,Change Energy Type*,,,,,,
Holdfast Greaves,1131831128,"""6917529203419102451""",,Legendary,Leg Armor,seasonpass,Titan,1050,1360,Solar Energy Capacity,1,Titan(1053),true,true,false,3,11,,16,2,6,6,12,6,48,8,16,2,6,6,12,6,48,8,legacy,,Change Energy Type*,,,,,,
Holdfast Greaves,1131831128,"""6917529203436577153""",,Legendary,Leg Armor,seasonpass,Titan,1050,1360,Solar Energy Capacity,3,Titan(1053),true,true,false,3,11,,7,13,6,6,12,8,52,19,7,13,6,6,12,8,52,19,legacy,,Upgrade Armor*,,,,,,
Holdfast Greaves,1131831128,"""6917529203436579345""",,Legendary,Leg Armor,seasonpass,Titan,1050,1360,Solar Energy Capacity,6,Titan(1053),true,true,false,3,11,,7,20,6,12,9,12,66,26,7,20,6,12,9,12,66,26,legacy,,Upgrade Armor*,,,,,,
Antaeus Wards,2423243921,"""6917529139327425375""",,Exotic,Leg Armor,,Titan,1050,,Arc Energy Capacity,1,Titan(1053),true,false,false,2,4,,3,17,9,2,18,10,59,26,3,17,9,2,18,10,59,26,combatstyle,,Change Energy Type*,Reflective Vents*,,,,,
Mk. 44 Stand Asides,136355432,"""6917529147390702700""",,Exotic,Leg Armor,,Titan,1050,,Arc Energy Capacity,1,Titan(1053),true,false,false,1,2,,7,7,15,2,14,13,58,22,7,7,15,2,14,13,58,22,combatstyle,,Change Energy Type*,"Seriously, Watch Out*",,,,,
Geomag Stabilizers,121305948,"""6917529196283601953""",,Exotic,Leg Armor,,Warlock,1050,,Solar Energy Capacity,3,Titan(1053),true,false,false,2,4,,2,8,24,12,13,6,65,36,2,8,24,12,13,6,65,36,combatstyle,,Upgrade Armor*,Close Enough*,,,,,
Lunafaction Boots,4136768282,"""6917529198011872176""",,Exotic,Leg Armor,,Warlock,1052,,Void Energy Capacity,2,Titan(1053),true,false,false,1,1,,9,9,14,16,13,2,63,30,9,9,14,16,13,2,63,30,combatstyle,,Upgrade Armor*,Alchemical Etchings*,,,,,
Righteous Mark,445618861,"""6917529156814254801""",,Legendary,Titan Mark,seasonpass,Titan,1050,1260,Void Energy Capacity,6,Titan(1053),true,false,false,3,9,,0,0,0,0,0,0,0,0,0,0,0,0,0,0,0,0,legacy,,Upgrade Armor*,,,,,,
Seventh Seraph Mark,2369445684,"""6917529179113444871""",,Legendary,Titan Mark,seasonpass,Titan,1050,1310,Solar Energy Capacity,1,Titan(1053),true,false,false,3,10,,0,0,0,0,0,0,0,0,0,0,0,0,0,0,0,0,legacy,,Change Energy Type*,Valkyrian Mark*,,,,,
Coronation Bond,2165598463,"""6917529197180617210""",,Legendary,Warlock Bond,nm,Warlock,1050,1310,Arc Energy Capacity,2,Titan(1053),true,false,false,3,10,,0,0,0,0,0,0,0,0,0,0,0,0,0,0,0,0,legacy,,Upgrade Armor*,,,,,,
Binary Phoenix Bond,4269346472,"""6917529187713835143""",,Legendary,Warlock Bond,crucible,Warlock,1050,1310,Arc Energy Capacity,2,Titan(1053),true,false,false,3,10,,0,0,0,0,0,0,0,0,0,0,0,0,0,0,0,0,legacy,,Upgrade Armor*,,,,,,
Bond of Remembrance,21320325,"""6917529187515455078""",,Legendary,Warlock Bond,ironbanner,Warlock,1050,1310,Solar Energy Capacity,2,Titan(1053),true,false,false,3,10,,0,0,0,0,0,0,0,0,0,0,0,0,0,0,0,0,legacy,,Iron Precious*,Upgrade Armor*,,,,,
Mark of Remembrance,2310625418,"""6917529179246484571""",,Legendary,Titan Mark,ironbanner,Titan,1050,1310,Arc Energy Capacity,3,Titan(1053),true,false,false,3,10,,0,0,0,0,0,0,0,0,0,0,0,0,0,0,0,0,legacy,,Iron Precious*,Upgrade Armor*,,,,,
Holdfast Mark,1756730947,"""6917529203436580389""",,Legendary,Titan Mark,seasonpass,Titan,1050,1360,Solar Energy Capacity,6,Titan(1053),true,false,false,3,11,,0,0,0,0,0,0,0,0,0,0,0,0,0,0,0,0,legacy,,Upgrade Armor*,,,,,,
Entanglement Bond,2657180960,"""6917529186975615643""",,Legendary,Warlock Bond,fwc,Warlock,1050,1310,Solar Energy Capacity,1,Titan(1053),true,false,false,3,10,,0,0,0,0,0,0,0,0,0,0,0,0,0,0,0,0,legacy,,Change Energy Type*,,,,,,
Mask of the Quiet One,3883866764,"""6917529118505541712""",,Exotic,Helmet,,Titan,1050,,Void Energy Capacity,1,Titan(1053),true,true,true,1,1,,6,8,10,6,6,12,48,18,6,8,10,6,6,12,48,18,combatstyle,,Change Energy Type*,Dreaded Visage*,,,,,
Iron Remembrance Gauntlets,713182381,"""6917529179417670830""",,Legendary,Gauntlets,ironbanner,Titan,1050,1310,Solar Energy Capacity,1,Titan(1053),true,true,true,3,10,,10,20,2,11,8,8,59,22,10,20,2,11,8,8,59,22,legacy,,Iron Precious*,Change Energy Type*,Valkyrian Gauntlets*,,,,
Seventh Seraph Plate,630719097,"""6917529179118876744""",,Legendary,Chest Armor,seasonpass,Titan,1050,1310,Solar Energy Capacity,6,Titan(1053),true,true,true,3,10,,8,17,7,6,19,8,65,24,8,17,7,6,19,8,65,24,legacy,,Upgrade Armor*,Valkyrian Plate*,,,,,
Righteous Greaves,3406670226,"""6917529156814260874""",,Legendary,Leg Armor,seasonpass,Titan,1050,1260,Void Energy Capacity,6,Titan(1053),true,true,true,3,9,,6,20,7,10,12,11,66,27,6,20,7,10,12,11,66,27,legacy,,Upgrade Armor*,Valkyrian Greaves*,,,,,
Binary Phoenix Mark,3884544409,"""6917529179252232604""",,Legendary,Titan Mark,crucible,Titan,1050,1310,Void Energy Capacity,3,Titan(1053),true,false,true,3,10,,0,0,0,0,0,10,10,0,0,0,0,0,0,0,0,0,legacy,,Strength Mod*,Upgrade Armor*,Valkyrian Mark*,,,,
Ancient Apocalypse Hood,754069623,"""6917529198974088258""",,Legendary,Helmet,drifter,Warlock,1050,1360,Void Energy Capacity,4,Vault,true,true,false,3,11,,12,2,10,2,22,2,50,12,12,2,10,2,22,2,50,12,legacy,keep,Gambit Leather*,Upgrade Armor*,,,,,
Sunbracers,3787517196,"""6917529197169222054""",,Exotic,Gauntlets,,Warlock,1051,,Void Energy Capacity,4,Vault,true,false,false,1,1,,3,13,16,2,25,6,65,18,3,13,16,2,25,6,65,18,combatstyle,,Upgrade Armor*,Helium Spirals*,,,,,
Wing Theorem,3684978064,"""6917529199675951377""",infuse,Legendary,Helmet,crucible,Warlock,1053,1360,Void Energy Capacity,4,Vault,true,true,false,3,11,,2,12,12,2,19,6,53,14,2,12,12,2,19,6,53,14,legacy,,Crucible Legacy*,Upgrade Armor*,,,,,
Righteous Hood,1557571326,"""6917529156666282634""",,Legendary,Helmet,seasonpass,Warlock,1050,1260,Void Energy Capacity,6,Vault,true,true,false,3,9,,6,10,16,18,2,12,64,34,6,10,16,18,2,12,64,34,legacy,keep,Upgrade Armor*,,,,,,
Shards of Galanor,691578979,"""6917529114308839127""",,Exotic,Gauntlets,,Hunter,1050,,Solar Energy Capacity,3,Vault,true,false,false,2,4,,7,21,6,6,12,6,58,12,7,11,6,6,12,6,48,12,combatstyle,,Resilience Mod*,Upgrade Armor*,Sharp Edges*,,,,
Holdfast Robes,119457531,"""6917529194471575509""",,Legendary,Chest Armor,seasonpass,Warlock,1050,1360,Arc Energy Capacity,1,Vault,true,true,false,3,11,,21,2,7,10,14,6,60,17,21,2,7,10,14,6,60,17,legacy,keep,Change Energy Type*,,,,,,
Sovereign Gloves,1117943570,"""6917529196149609402""",,Legendary,Gauntlets,nm,Warlock,1050,1310,Void Energy Capacity,2,Vault,true,true,false,3,10,,8,8,10,6,2,19,53,16,8,8,10,6,2,19,53,16,legacy,keep,Upgrade Armor*,,,,,,
Liar's Handshake,4165919945,"""6917529114314160166""",,Exotic,Gauntlets,,Hunter,1050,,Solar Energy Capacity,3,Vault,true,false,false,2,6,,10,8,10,26,2,2,58,12,10,8,10,26,2,2,58,12,combatstyle,,Upgrade Armor*,Cross Counter*,,,,,
Gwisin Vest,1474735276,"""6917529138202383329""",,Exotic,Chest Armor,,Hunter,1050,,Solar Energy Capacity,4,Vault,true,false,false,2,4,,14,14,2,8,9,11,58,13,14,14,2,8,9,11,58,13,combatstyle,,Upgrade Armor*,Roving Assassin*,,,,,
Raiden Flux,2766109872,"""6917529113695086663""",,Exotic,Chest Armor,,Hunter,1050,,Arc Energy Capacity,1,Vault,true,false,false,1,1,,8,11,6,6,12,6,49,12,8,11,6,6,12,6,49,12,combatstyle,,Change Energy Type*,Synapse Junctions*,,,,,
Ancient Apocalypse Hood,754069623,"""6917529199662951757""",infuse,Legendary,Helmet,drifter,Warlock,1053,1360,Void Energy Capacity,1,Vault,true,true,false,3,11,,13,12,2,18,9,2,56,20,13,12,2,18,9,2,56,20,legacy,,Gambit Leather*,Change Energy Type*,,,,,
Iron Fellowship Gloves,125833536,"""6917529196636217298""",,Legendary,Gauntlets,ironbanner,Warlock,1050,1360,Void Energy Capacity,2,Vault,true,true,false,3,11,,17,7,7,2,18,10,61,9,17,7,7,2,18,10,61,9,legacy,keep,Iron Vendetta*,Upgrade Armor*,,,,,
Swordflight 4.1,2094233929,"""6917529178801859811""",,Legendary,Helmet,crucible,Hunter,1050,1310,Arc Energy Capacity,3,Vault,true,true,false,3,10,,8,11,6,8,6,17,56,23,8,11,6,8,6,17,56,23,legacy,,Upgrade Armor*,,,,,,
Sovereign Robes,2835971286,"""6917529180662538882""",,Legendary,Chest Armor,nm,Warlock,1050,1310,Arc Energy Capacity,1,Vault,true,true,false,3,10,,7,6,17,14,7,8,59,31,7,6,17,14,7,8,59,31,legacy,keep,Change Energy Type*,,,,,,
Heiro Camo,2838060329,"""6917529177690172689""",,Legendary,Helmet,legendaryengram,Warlock,1050,1260,Solar Energy Capacity,1,Vault,true,true,false,3,9,,27,2,2,12,7,9,59,14,27,2,2,12,7,9,59,14,legacy,keep,Change Energy Type*,,,,,,
Simulator Legs,2401694485,"""6917529181316826083""",,Legendary,Leg Armor,fwc,Warlock,1050,1310,Arc Energy Capacity,1,Vault,true,true,false,3,10,,19,6,2,7,2,20,56,9,19,6,2,7,2,20,56,9,legacy,keep,Change Energy Type*,,,,,,
Heiro Camo,3619376218,"""6917529197506553527""",,Legendary,Leg Armor,legendaryengram,Warlock,1052,1260,Solar Energy Capacity,2,Vault,true,true,false,3,9,,17,7,7,8,9,12,60,15,17,7,7,8,9,12,60,15,legacy,keep,Upgrade Armor*,,,,,,
Holdfast Cover,1173249516,"""6917529199637142330""",,Legendary,Helmet,seasonpass,Warlock,1053,1360,Void Energy Capacity,2,Vault,true,true,false,3,11,,2,11,17,2,16,12,60,19,2,11,17,2,16,12,60,19,legacy,keep,Upgrade Armor*,,,,,,
Sovereign Robes,2835971286,"""6917529188805545099""",,Legendary,Chest Armor,nm,Warlock,1050,1310,Solar Energy Capacity,1,Vault,true,true,false,3,10,,7,13,8,2,2,26,58,10,7,13,8,2,2,26,58,10,legacy,keep,Change Energy Type*,,,,,,
Seventh Seraph Gloves,2443609020,"""6917529175363446413""",,Legendary,Gauntlets,seasonpass,Warlock,1050,1310,Solar Energy Capacity,2,Vault,true,true,false,3,10,,7,17,2,8,18,2,54,10,7,17,2,8,18,2,54,10,legacy,keep,Upgrade Armor*,,,,,,
Iron Remembrance Gloves,167461728,"""6917529177725639056""",,Legendary,Gauntlets,ironbanner,Warlock,1050,1310,Arc Energy Capacity,2,Vault,true,true,false,3,10,,7,15,8,2,14,16,62,10,7,15,8,2,14,16,62,10,legacy,keep,Iron Precious*,Upgrade Armor*,,,,,
Raiju's Harness,2268523867,"""6917529168906230749""",,Exotic,Chest Armor,,Hunter,1050,,Void Energy Capacity,1,Vault,true,false,false,3,10,,7,10,13,20,2,8,60,21,7,10,13,20,2,8,60,21,combatstyle,,Change Energy Type*,Mobius Conduit*,,,,,
Iron Fellowship Robes,2522706952,"""6917529196636217021""",,Legendary,Chest Armor,ironbanner,Warlock,1050,1360,Solar Energy Capacity,2,Vault,true,true,false,3,11,,6,8,15,9,2,19,59,24,6,8,15,9,2,19,59,24,legacy,keep,Iron Vendetta*,Upgrade Armor*,,,,,
Ankaa Seeker IV,1765728763,"""6917529183718077690""",,Legendary,Gauntlets,crucible,Warlock,1050,1310,Void Energy Capacity,1,Vault,true,true,false,3,10,,22,2,6,14,10,2,56,20,22,2,6,14,10,2,56,20,legacy,keep,Change Energy Type*,,,,,,
Holdfast Cover,1173249516,"""6917529195909599913""",,Legendary,Helmet,seasonpass,Warlock,1050,1360,Arc Energy Capacity,2,Vault,true,true,false,3,11,,13,6,8,8,20,2,57,16,13,6,8,8,20,2,57,16,legacy,keep,Upgrade Armor*,,,,,,
Ancient Apocalypse Gloves,4122447870,"""6917529198968398977""",,Legendary,Gauntlets,drifter,Warlock,1050,1360,Solar Energy Capacity,1,Vault,true,true,false,3,11,,2,18,7,2,7,17,53,9,2,18,7,2,7,17,53,9,legacy,keep,Gambit Leather*,Change Energy Type*,,,,,
High-Minded Complex,339438127,"""6917529197101507483""",,Legendary,Gauntlets,legendaryengram,Warlock,1052,1260,Void Energy Capacity,2,Vault,true,true,false,3,9,,2,10,19,13,7,7,58,32,2,10,19,13,7,7,58,32,legacy,keep,Upgrade Armor*,,,,,,
Holdfast Robes,119457531,"""6917529195750367072""",,Legendary,Chest Armor,seasonpass,Warlock,1050,1360,Arc Energy Capacity,1,Vault,true,true,false,3,11,,6,10,17,2,13,12,60,19,6,10,17,2,13,12,60,19,legacy,keep,Change Energy Type*,,,,,,
Insight Vikti Gloves,4239920089,"""6917529203599247428""",,Legendary,Gauntlets,legendaryengram,Warlock,1053,1360,Void Energy Capacity,1,Vault,true,false,false,3,11,,14,2,15,10,11,12,64,25,14,2,15,10,11,12,64,25,legacy,,Change Energy Type*,,,,,,
Holdfast Cover,1173249516,"""6917529198071093738""",,Legendary,Helmet,seasonpass,Warlock,1050,1360,Arc Energy Capacity,2,Vault,true,true,false,3,11,,7,12,9,21,2,7,58,30,7,12,9,21,2,7,58,30,legacy,keep,Upgrade Armor*,,,,,,
Holdfast Boots,674876967,"""6917529194711393038""",,Legendary,Leg Armor,seasonpass,Warlock,1050,1360,Solar Energy Capacity,2,Vault,true,true,false,3,11,,12,17,2,2,13,12,58,4,12,17,2,2,13,12,58,4,legacy,keep,Upgrade Armor*,,,,,,
High-Minded Complex,73720713,"""6917529203658668668""",,Legendary,Chest Armor,legendaryengram,Warlock,1050,1260,Solar Energy Capacity,2,Vault,true,false,false,3,9,,7,2,18,6,14,8,55,24,7,2,18,6,14,8,55,24,legacy,,Upgrade Armor*,,,,,,
Iron Fellowship Robes,2522706952,"""6917529196570248843""",,Legendary,Chest Armor,ironbanner,Warlock,1050,1360,Void Energy Capacity,2,Vault,true,true,false,3,11,,10,14,7,22,2,7,62,29,10,14,7,22,2,7,62,29,legacy,keep,Iron Vendetta*,Upgrade Armor*,,,,,
Holdfast Boots,674876967,"""6917529194379385676""",,Legendary,Leg Armor,seasonpass,Warlock,1050,1360,Solar Energy Capacity,1,Vault,true,true,false,3,11,,12,2,15,13,2,15,59,28,12,2,15,13,2,15,59,28,legacy,keep,Change Energy Type*,,,,,,
High-Minded Complex,1111042046,"""6917529203685118285""",,Legendary,Helmet,legendaryengram,Warlock,1050,1260,Arc Energy Capacity,3,Vault,true,false,false,3,9,,11,12,2,2,13,13,53,4,11,12,2,2,13,13,53,4,legacy,,Upgrade Armor*,,,,,,
Ancient Apocalypse Robes,725297842,"""6917529195738752515""",,Legendary,Chest Armor,drifter,Warlock,1050,1360,Void Energy Capacity,1,Vault,true,true,false,3,11,,12,14,2,9,12,8,57,11,12,14,2,9,12,8,57,11,legacy,keep,Gambit Leather*,Change Energy Type*,,,,,
Simulator Legs,2401694485,"""6917529171644850169""",,Legendary,Leg Armor,fwc,Warlock,1050,1310,Void Energy Capacity,2,Vault,true,true,false,3,10,,2,20,7,9,10,11,59,16,2,20,7,9,10,11,59,16,legacy,keep,Upgrade Armor*,,,,,,
Holdfast Bond,2771141010,"""6917529203747132709""",,Legendary,Warlock Bond,seasonpass,Warlock,1050,1360,Arc Energy Capacity,4,Vault,true,false,false,3,11,,0,0,0,0,0,0,0,0,0,0,0,0,0,0,0,0,legacy,,Upgrade Armor*,,,,,,
Sovereign Hood,446438979,"""6917529168521981548""",,Legendary,Helmet,nm,Warlock,1050,1310,Solar Energy Capacity,5,Vault,true,true,false,3,10,,2,14,14,2,6,19,57,16,2,4,14,2,6,19,47,16,legacy,keep,Resilience Mod*,Auto Rifle Targeting*,Auto Rifle Ammo Finder*,GENOTYPENULL-ZERO*,Upgrade Armor*,Valkyrian Hood*,
Synaptic Construct,3611199822,"""6917529203740845332""",,Legendary,Warlock Bond,legendaryengram,Warlock,1050,1360,Arc Energy Capacity,1,Vault,true,false,false,3,11,,0,0,0,0,0,0,0,0,0,0,0,0,0,0,0,0,legacy,,Change Energy Type*,,,,,,
Be Thy Cipher,1854024004,"""6917529203721559460""",,Legendary,Warlock Bond,legendaryengram,Warlock,1050,1260,Arc Energy Capacity,4,Vault,true,false,false,3,9,,0,0,0,0,0,0,0,0,0,0,0,0,0,0,0,0,legacy,,Upgrade Armor*,,,,,,
Holdfast Robes,119457531,"""6917529203747139433""",,Legendary,Chest Armor,seasonpass,Warlock,1053,1360,Arc Energy Capacity,4,Vault,true,false,false,3,11,,2,24,6,11,12,8,63,17,2,24,6,11,12,8,63,17,legacy,,Upgrade Armor*,,,,,,
Righteous Gloves,785967407,"""6917529156666291749""",,Legendary,Gauntlets,seasonpass,Warlock,1050,1260,Void Energy Capacity,7,Vault,true,true,false,3,9,,8,12,13,14,6,11,64,27,8,12,13,14,6,11,64,27,legacy,keep,Major Resist*,Cellular Suppression*,Cargulo Bristle*,Upgrade Armor*,Valkyrian Gloves*,,
Anti-Extinction Robes,3373566763,"""6917529203728849668""",,Legendary,Chest Armor,do,Warlock,1050,1310,Arc Energy Capacity,1,Vault,true,false,false,3,10,,7,7,14,2,9,17,56,16,7,7,14,2,9,17,56,16,legacy,,Change Energy Type*,,,,,,
Iron Remembrance Vestments,2614190248,"""6917529177696558558""",,Legendary,Chest Armor,ironbanner,Warlock,1050,1310,Void Energy Capacity,6,Vault,true,true,false,3,10,,2,17,12,2,15,13,61,14,2,17,12,2,15,13,61,14,legacy,keep,Iron Precious*,Upgrade Armor*,,,,,
Holdfast Robes,119457531,"""6917529195060278292""",,Legendary,Chest Armor,seasonpass,Warlock,1050,1360,Arc Energy Capacity,1,Vault,true,true,false,3,11,,7,7,15,10,6,13,58,25,7,7,15,10,6,13,58,25,legacy,keep,Change Energy Type*,,,,,,
Holdfast Gloves,327547301,"""6917529203747138718""",,Legendary,Gauntlets,seasonpass,Warlock,1053,1360,Solar Energy Capacity,6,Vault,true,false,false,3,11,,2,12,15,2,12,18,61,17,2,12,15,2,12,18,61,17,legacy,,Upgrade Armor*,,,,,,
High-Minded Complex,339438127,"""6917529203747140667""",,Legendary,Gauntlets,legendaryengram,Warlock,1053,1260,Arc Energy Capacity,2,Vault,true,false,false,3,9,,6,8,12,2,17,6,51,14,6,8,12,2,17,6,51,14,legacy,,Upgrade Armor*,,,,,,
Holdfast Bond,2771141010,"""6917529199675950751""",,Legendary,Warlock Bond,seasonpass,Warlock,1050,1360,Void Energy Capacity,2,Vault,true,false,false,3,11,,0,0,0,0,0,0,0,0,0,0,0,0,0,0,0,0,legacy,,Upgrade Armor*,,,,,,
Iron Remembrance Legs,3115791898,"""6917529177714623007""",,Legendary,Leg Armor,ironbanner,Warlock,1050,1310,Void Energy Capacity,4,Vault,true,true,false,3,10,,22,2,6,6,6,16,58,12,22,2,6,6,6,16,58,12,legacy,keep,Iron Precious*,Upgrade Armor*,,,,,
Sovereign Legs,1519285164,"""6917529174997909827""",,Legendary,Leg Armor,nm,Warlock,1050,1310,Void Energy Capacity,1,Vault,true,true,false,3,10,,15,6,10,22,6,2,61,32,15,6,10,22,6,2,61,32,legacy,keep,Change Energy Type*,,,,,,
Iron Fellowship Boots,3115740538,"""6917529196636212299""",,Legendary,Leg Armor,ironbanner,Warlock,1050,1360,Solar Energy Capacity,1,Vault,true,true,false,3,11,,9,13,8,2,9,18,59,10,9,13,8,2,9,18,59,10,legacy,keep,Iron Vendetta*,Change Energy Type*,,,,,
Holdfast Robes,119457531,"""6917529197290893708""",,Legendary,Chest Armor,seasonpass,Warlock,1052,1360,Solar Energy Capacity,3,Vault,true,true,false,3,11,,2,9,20,6,14,6,57,26,2,9,20,6,14,6,57,26,legacy,keep,Upgrade Armor*,,,,,,
Holdfast Gloves,327547301,"""6917529198076839936""",,Legendary,Gauntlets,seasonpass,Warlock,1052,1360,Void Energy Capacity,3,Vault,true,true,false,3,11,,6,6,19,16,7,8,62,35,6,6,19,16,7,8,62,35,legacy,keep,Upgrade Armor*,,,,,,
Iron Remembrance Legs,3115791898,"""6917529172437722428""",,Legendary,Leg Armor,ironbanner,Warlock,1050,1310,Arc Energy Capacity,1,Vault,true,true,false,3,10,,14,15,2,22,7,2,62,24,14,15,2,22,7,2,62,24,legacy,keep,Iron Precious*,Change Energy Type*,,,,,
Holdfast Cover,1173249516,"""6917529198902071571""",,Legendary,Helmet,seasonpass,Warlock,1054,1360,Arc Energy Capacity,5,Vault,true,true,false,3,11,,8,14,6,2,16,14,60,8,8,14,6,2,16,14,60,8,legacy,keep,Upgrade Armor*,,,,,,
Holdfast Boots,674876967,"""6917529200017154216""",,Legendary,Leg Armor,seasonpass,Warlock,1053,1360,Arc Energy Capacity,4,Vault,true,true,false,3,11,,11,2,18,14,2,16,63,32,11,2,18,14,2,16,63,32,legacy,keep,Upgrade Armor*,,,,,,
Righteous Bond,1416697412,"""6917529195946514104""",,Legendary,Warlock Bond,seasonpass,Warlock,1050,1260,Void Energy Capacity,2,Vault,true,false,false,3,9,,0,0,0,0,0,0,0,0,0,0,0,0,0,0,0,0,legacy,,Upgrade Armor*,,,,,,
Holdfast Boots,674876967,"""6917529195082730988""",,Legendary,Leg Armor,seasonpass,Warlock,1050,1360,Arc Energy Capacity,2,Vault,true,true,false,3,11,,2,24,2,2,16,9,55,4,2,24,2,2,16,9,55,4,legacy,keep,Upgrade Armor*,,,,,,
High-Minded Complex,1111042046,"""6917529208510782795""",,Legendary,Helmet,legendaryengram,Warlock,1077,1260,Arc Energy Capacity,2,Vault,true,false,false,3,9,,8,2,19,2,8,16,55,21,8,2,19,2,8,16,55,21,legacy,,Upgrade Armor*,,,,,,
Holdfast Boots,674876967,"""6917529198988406723""",,Legendary,Leg Armor,seasonpass,Warlock,1052,1360,Solar Energy Capacity,2,Vault,true,true,false,3,11,,2,16,14,7,2,21,62,21,2,16,14,7,2,21,62,21,legacy,keep,Upgrade Armor*,,,,,,
Sovereign Legs,1519285164,"""6917529183722880090""",,Legendary,Leg Armor,nm,Warlock,1050,1310,Solar Energy Capacity,4,Vault,true,true,false,3,10,,8,16,2,6,2,21,55,8,8,16,2,6,2,21,55,8,legacy,keep,Upgrade Armor*,,,,,,
Sovereign Robes,2835971286,"""6917529189280000842""",,Legendary,Chest Armor,nm,Warlock,1050,1310,Void Energy Capacity,1,Vault,true,true,false,3,10,,18,2,10,16,6,6,58,26,18,2,10,16,6,6,58,26,legacy,keep,Change Energy Type*,,,,,,
Anti-Extinction Hood,245450812,"""6917529166270132364""",,Legendary,Helmet,do,Warlock,1050,1310,Solar Energy Capacity,1,Vault,true,true,false,3,10,,14,6,10,13,2,15,60,23,14,6,10,13,2,15,60,23,legacy,keep,Change Energy Type*,,,,,,
Vigil of Heroes,4086100104,"""6917529199675945463""",infuse,Legendary,Leg Armor,strikes,Warlock,1053,1360,Arc Energy Capacity,2,Vault,true,true,false,3,11,,12,10,7,11,8,7,55,18,12,10,7,11,8,7,55,18,legacy,,Vanguard Veteran*,Upgrade Armor*,,,,,
Sovereign Robes,2835971286,"""6917529198076837687""",,Legendary,Chest Armor,nm,Warlock,1050,1310,Void Energy Capacity,5,Vault,true,true,false,3,10,,18,2,12,2,10,14,58,14,18,2,12,2,10,14,58,14,legacy,keep,Upgrade Armor*,,,,,,
Ancient Apocalypse Gloves,4122447870,"""6917529199669782248""",infuse,Legendary,Gauntlets,drifter,Warlock,1054,1360,Solar Energy Capacity,3,Vault,true,true,false,3,11,,7,7,16,12,12,2,56,28,7,7,16,12,12,2,56,28,legacy,,Gambit Leather*,Upgrade Armor*,,,,,
Seventh Seraph Hood,1790943181,"""6917529165538536630""",,Legendary,Helmet,seasonpass,Warlock,1050,1310,Solar Energy Capacity,2,Vault,true,true,false,3,10,,17,8,2,20,2,6,55,22,17,8,2,20,2,6,55,22,legacy,keep,Upgrade Armor*,,,,,,
Vigil of Heroes,4086100104,"""6917529199343407318""",infuse,Legendary,Leg Armor,strikes,Warlock,1053,1360,Void Energy Capacity,5,Vault,true,true,false,3,11,,9,9,10,2,18,6,54,12,9,9,10,2,18,6,54,12,legacy,,Vanguard Veteran*,Upgrade Armor*,,,,,
Holdfast Boots,674876967,"""6917529196143138374""",,Legendary,Leg Armor,seasonpass,Warlock,1050,1360,Solar Energy Capacity,2,Vault,true,true,false,3,11,,23,2,2,14,6,6,53,16,23,2,2,14,6,6,53,16,legacy,keep,Upgrade Armor*,,,,,,
Stella Incognita Bond,1730282946,"""6917529197169213664""",,Legendary,Warlock Bond,do,Warlock,1051,1310,Void Energy Capacity,1,Vault,true,false,false,3,10,,0,0,0,0,0,0,0,0,0,0,0,0,0,0,0,0,legacy,,Change Energy Type*,,,,,,
Tesseract Trace IV,695071581,"""6917529203882425164""",,Legendary,Chest Armor,legendaryengram,Warlock,1053,1360,Solar Energy Capacity,2,Vault,true,false,false,3,11,,21,6,2,15,2,14,60,17,21,6,2,15,2,14,60,17,legacy,,Upgrade Armor*,,,,,,
Holdfast Boots,674876967,"""6917529203876524668""",,Legendary,Leg Armor,seasonpass,Warlock,1053,1360,Void Energy Capacity,2,Vault,true,false,false,3,11,,10,11,7,8,13,9,58,15,10,11,7,8,13,9,58,15,legacy,,Upgrade Armor*,,,,,,
Holdfast Boots,674876967,"""6917529203882431770""",,Legendary,Leg Armor,seasonpass,Warlock,1053,1360,Arc Energy Capacity,3,Vault,true,false,false,3,11,,11,13,2,13,10,7,56,15,11,13,2,13,10,7,56,15,legacy,,Upgrade Armor*,,,,,,
Be Thy Cipher,1854024004,"""6917529199596542266""",,Legendary,Warlock Bond,legendaryengram,Warlock,1050,1260,Solar Energy Capacity,1,Vault,true,false,false,3,9,,0,0,0,0,0,0,0,0,0,0,0,0,0,0,0,0,legacy,,Change Energy Type*,,,,,,
Xenos Vale IV,2454114768,"""6917529186172329363""",,Legendary,Chest Armor,strikes,Warlock,1050,1310,Void Energy Capacity,4,Vault,true,true,false,3,10,,12,14,2,6,15,9,58,8,12,14,2,6,15,9,58,8,legacy,keep,Upgrade Armor*,,,,,,
Iron Fellowship Bond,4224804453,"""6917529196630503871""",,Legendary,Warlock Bond,ironbanner,Warlock,1050,1360,Void Energy Capacity,1,Vault,true,false,false,3,11,,0,0,0,0,0,0,0,0,0,0,0,0,0,0,0,0,legacy,,Iron Vendetta*,Change Energy Type*,,,,,
Tesseract Trace IV,1920259123,"""6917529195826030123""",,Legendary,Gauntlets,legendaryengram,Warlock,1050,1360,Solar Energy Capacity,1,Vault,true,true,false,3,11,,7,14,6,6,18,2,53,12,7,14,6,6,18,2,53,12,legacy,keep,Change Energy Type*,,,,,,
Vigil of Heroes,332170995,"""6917529197991707418""",,Legendary,Warlock Bond,strikes,Warlock,1050,1360,Void Energy Capacity,4,Vault,true,false,false,3,11,,0,0,0,0,0,0,0,0,0,0,0,0,0,0,0,0,legacy,,Vanguard Veteran*,Upgrade Armor*,,,,,
Holdfast Gloves,327547301,"""6917529203887782619""",infuse,Legendary,Gauntlets,seasonpass,Warlock,1055,1360,Solar Energy Capacity,6,Vault,true,true,false,3,11,,6,14,9,9,12,8,58,18,6,14,9,9,12,8,58,18,legacy,,Upgrade Armor*,,,,,,
Seventh Seraph Hood,1790943181,"""6917529167166763914""",,Legendary,Helmet,seasonpass,Warlock,1050,1310,Arc Energy Capacity,3,Vault,true,true,false,3,10,,13,9,8,21,2,7,60,29,13,9,8,21,2,7,60,29,legacy,keep,Upgrade Armor*,,,,,,
Synaptic Construct,3611199822,"""6917529197162827685""",,Legendary,Warlock Bond,legendaryengram,Warlock,1050,1360,Void Energy Capacity,5,Vault,true,false,false,3,11,,0,0,0,0,0,0,0,0,0,0,0,0,0,0,0,0,legacy,,Protective Light*,Upgrade Armor*,,,,,
Seventh Seraph Gloves,2443609020,"""6917529167722280445""",,Legendary,Gauntlets,seasonpass,Warlock,1050,1310,Void Energy Capacity,2,Vault,true,true,false,3,10,,9,18,2,10,10,9,58,12,9,18,2,10,10,9,58,12,legacy,keep,Upgrade Armor*,Valkyrian Gloves*,,,,,
Holdfast Robes,119457531,"""6917529195837759790""",,Legendary,Chest Armor,seasonpass,Warlock,1050,1360,Arc Energy Capacity,2,Vault,true,true,false,3,11,,10,2,10,2,22,2,48,12,10,2,10,2,22,2,48,12,legacy,keep,Upgrade Armor*,,,,,,
Seventh Seraph Robes,2503153700,"""6917529168497645333""",,Legendary,Chest Armor,seasonpass,Warlock,1050,1310,Solar Energy Capacity,1,Vault,true,true,false,3,10,,2,2,23,17,2,8,54,40,2,2,23,17,2,8,54,40,legacy,keep,Change Energy Type*,,,,,,
Insight Vikti Boots,2837138379,"""6917529195711791736""",,Legendary,Leg Armor,legendaryengram,Warlock,1050,1360,Void Energy Capacity,1,Vault,true,true,false,3,11,,6,20,7,7,20,2,62,14,6,20,7,7,20,2,62,14,legacy,keep,Change Energy Type*,,,,,,
Simulator Hood,2538410394,"""6917529180325509229""",,Legendary,Helmet,fwc,Warlock,1050,1310,Arc Energy Capacity,1,Vault,true,true,false,3,10,,2,20,9,10,17,2,60,19,2,20,9,10,17,2,60,19,legacy,keep,Change Energy Type*,,,,,,
Wing Theorem,119859462,"""6917529197238471702""",,Legendary,Warlock Bond,crucible,Warlock,1053,1360,Solar Energy Capacity,1,Vault,true,true,false,3,11,,0,0,0,0,0,0,0,0,0,0,0,0,0,0,0,0,legacy,,Crucible Legacy*,Change Energy Type*,,,,,
Anti-Extinction Hood,245450812,"""6917529195750362467""",,Legendary,Helmet,do,Warlock,1050,1310,Void Energy Capacity,2,Vault,true,true,false,3,10,,6,9,13,13,9,7,57,26,6,9,13,13,9,7,57,26,legacy,keep,Upgrade Armor*,,,,,,
Ankaa Seeker IV,215768941,"""6917529186703910116""",,Legendary,Leg Armor,crucible,Warlock,1050,1310,Solar Energy Capacity,1,Vault,true,true,false,3,10,,12,11,2,2,26,2,55,4,12,11,2,2,26,2,55,4,legacy,keep,Change Energy Type*,,,,,,
Holdfast Cover,1173249516,"""6917529197162827507""",infuse,Legendary,Helmet,seasonpass,Warlock,1053,1360,Solar Energy Capacity,2,Vault,true,true,false,3,11,,12,12,2,2,12,13,53,4,12,12,2,2,12,13,53,4,legacy,,Upgrade Armor*,,,,,,
Righteous Hood,1557571326,"""6917529197706529974""",,Legendary,Helmet,seasonpass,Warlock,1052,1260,Solar Energy Capacity,2,Vault,true,true,false,3,9,,13,16,2,9,11,10,61,11,13,16,2,9,11,10,61,11,legacy,keep,Upgrade Armor*,,,,,,
Holdfast Cover,1173249516,"""6917529199343409955""",,Legendary,Helmet,seasonpass,Warlock,1052,1360,Solar Energy Capacity,5,Vault,true,true,false,3,11,,8,16,7,14,8,9,62,21,8,16,7,14,8,9,62,21,legacy,keep,Upgrade Armor*,,,,,,
Holdfast Robes,119457531,"""6917529195229160378""",,Legendary,Chest Armor,seasonpass,Warlock,1050,1360,Solar Energy Capacity,3,Vault,true,true,false,3,11,,11,7,8,18,8,2,54,26,11,7,8,18,8,2,54,26,legacy,keep,Upgrade Armor*,,,,,,
Holdfast Gloves,327547301,"""6917529194723202593""",,Legendary,Gauntlets,seasonpass,Warlock,1050,1360,Void Energy Capacity,1,Vault,true,true,false,3,11,,11,7,6,24,2,2,52,30,11,7,6,24,2,2,52,30,legacy,keep,Change Energy Type*,,,,,,
Xenos Vale IV,2454114768,"""6917529186969940815""",,Legendary,Chest Armor,strikes,Warlock,1050,1310,Void Energy Capacity,4,Vault,true,true,false,3,10,,18,6,2,22,2,2,52,24,18,6,2,22,2,2,52,24,legacy,keep,Upgrade Armor*,,,,,,
Phoenix Protocol,4057299719,"""6917529125814640862""",,Exotic,Chest Armor,,Warlock,1050,,Void Energy Capacity,1,Vault,true,false,false,2,4,,8,9,17,2,12,13,61,19,8,9,17,2,12,13,61,19,combatstyle,,Change Energy Type*,Battle-Hearth*,,,,,
Yuga Sundown Boots,2970562833,"""6917529194907693972""",,Legendary,Leg Armor,ep,Warlock,1050,1310,Solar Energy Capacity,1,Vault,true,true,false,3,10,,12,2,13,2,2,22,53,15,12,2,13,2,2,22,53,15,legacy,keep,Change Energy Type*,,,,,,
Ankaa Seeker IV,1765728763,"""6917529178057354582""",,Legendary,Gauntlets,crucible,Warlock,1050,1310,Arc Energy Capacity,1,Vault,true,true,false,3,10,,2,19,6,19,2,7,55,25,2,19,6,19,2,7,55,25,legacy,keep,Change Energy Type*,,,,,,
The Took Offense,1953621386,"""6917529178871151368""",,Legendary,Helmet,strikes,Hunter,1050,1310,Solar Energy Capacity,5,Vault,true,true,false,3,10,,7,6,10,2,10,15,50,25,7,6,10,2,10,15,50,25,legacy,,Upgrade Armor*,,,,,,
Seventh Seraph Boots,1829417670,"""6917529176958693859""",,Legendary,Leg Armor,seasonpass,Warlock,1050,1310,Arc Energy Capacity,6,Vault,true,true,false,3,10,,7,13,7,13,2,16,58,20,7,13,7,13,2,16,58,20,legacy,keep,Upgrade Armor*,,,,,,
Iron Fellowship Gloves,125833536,"""6917529196636215674""",,Legendary,Gauntlets,ironbanner,Warlock,1050,1360,Arc Energy Capacity,3,Vault,true,true,false,3,11,,6,10,17,16,12,2,63,33,6,10,17,16,12,2,63,33,legacy,keep,Iron Vendetta*,Upgrade Armor*,,,,,
Holdfast Cover,1173249516,"""6917529198120599449""",,Legendary,Helmet,seasonpass,Warlock,1050,1360,Void Energy Capacity,3,Vault,true,true,false,3,11,,11,15,2,14,7,8,57,16,11,15,2,14,7,8,57,16,legacy,keep,Upgrade Armor*,,,,,,
Holdfast Cover,1173249516,"""6917529198896395108""",,Legendary,Helmet,seasonpass,Warlock,1050,1360,Void Energy Capacity,2,Vault,true,true,false,3,11,,12,8,9,8,10,10,57,17,12,8,9,8,10,10,57,17,legacy,keep,Upgrade Armor*,,,,,,
Wing Theorem,3684978064,"""6917529194061881871""",,Legendary,Helmet,crucible,Warlock,1050,1360,Arc Energy Capacity,4,Vault,true,true,false,3,11,,14,6,6,13,9,9,57,19,14,6,6,13,9,9,57,19,legacy,keep,Crucible Legacy*,Upgrade Armor*,,,,,
Holdfast Cover,1173249516,"""6917529197012584281""",,Legendary,Helmet,seasonpass,Warlock,1051,1360,Solar Energy Capacity,2,Vault,true,true,false,3,11,,11,11,2,19,2,6,51,21,11,11,2,19,2,6,51,21,legacy,keep,Upgrade Armor*,,,,,,
Holdfast Gloves,327547301,"""6917529197799483238""",,Legendary,Gauntlets,seasonpass,Warlock,1052,1360,Solar Energy Capacity,4,Vault,true,true,false,3,11,,2,2,27,9,11,7,58,36,2,2,27,9,11,7,58,36,legacy,keep,Upgrade Armor*,,,,,,
Iron Remembrance Legs,3115791898,"""6917529172437731081""",,Legendary,Leg Armor,ironbanner,Warlock,1050,1310,Arc Energy Capacity,1,Vault,true,true,false,3,10,,12,8,10,12,16,2,60,22,12,8,10,12,16,2,60,22,legacy,keep,Iron Precious*,Change Energy Type*,,,,,
Simulator Hood,2538410394,"""6917529167235206056""",,Legendary,Helmet,fwc,Warlock,1050,1310,Solar Energy Capacity,4,Vault,true,true,false,3,10,,2,17,6,2,11,14,52,8,2,17,6,2,11,14,52,8,legacy,keep,Upgrade Armor*,,,,,,
Iron Remembrance Vestments,2614190248,"""6917529179518476092""",,Legendary,Chest Armor,ironbanner,Warlock,1050,1310,Arc Energy Capacity,5,Vault,true,true,false,3,10,,12,10,9,15,2,12,60,24,12,10,9,15,2,12,60,24,legacy,keep,Iron Precious*,Upgrade Armor*,,,,,
Iron Remembrance Hood,2758933481,"""6917529187210006081""",,Legendary,Helmet,ironbanner,Warlock,1050,1310,Solar Energy Capacity,3,Vault,true,true,false,3,10,,9,7,13,13,2,15,59,26,9,7,13,13,2,15,59,26,legacy,keep,Iron Precious*,Upgrade Armor*,,,,,
Holdfast Gloves,327547301,"""6917529195738755107""",,Legendary,Gauntlets,seasonpass,Warlock,1050,1360,Solar Energy Capacity,6,Vault,true,true,false,3,11,,6,6,22,9,12,12,67,31,6,6,22,9,12,12,67,31,legacy,keep,Upgrade Armor*,,,,,,
Holdfast Robes,119457531,"""6917529196995396549""",,Legendary,Chest Armor,seasonpass,Warlock,1051,1360,Arc Energy Capacity,4,Vault,true,true,false,3,11,,6,2,18,14,10,2,52,32,6,2,18,14,10,2,52,32,legacy,keep,Upgrade Armor*,,,,,,
Simulator Legs,2401694485,"""6917529195854905195""",,Legendary,Leg Armor,fwc,Warlock,1050,1310,Solar Energy Capacity,2,Vault,true,true,false,3,10,,10,12,10,19,2,7,60,29,10,12,10,19,2,7,60,29,legacy,keep,Upgrade Armor*,,,,,,
Iron Remembrance Vestments,2614190248,"""6917529187215271944""",,Legendary,Chest Armor,ironbanner,Warlock,1050,1310,Solar Energy Capacity,4,Vault,true,true,false,3,10,,2,11,17,2,13,16,61,19,2,11,17,2,13,16,61,19,legacy,keep,Iron Precious*,Upgrade Armor*,,,,,
Iron Remembrance Vestments,2614190248,"""6917529179525313940""",,Legendary,Chest Armor,ironbanner,Warlock,1050,1310,Arc Energy Capacity,7,Vault,true,true,false,3,10,,10,20,2,2,8,20,62,4,10,20,2,2,8,20,62,4,legacy,keep,Unflinching Pulse Rifle Aim*,Amethyst Veil*,Upgrade Armor*,,,,
Seventh Seraph Boots,1829417670,"""6917529170068686379""",,Legendary,Leg Armor,seasonpass,Warlock,1050,1310,Solar Energy Capacity,7,Vault,true,true,false,3,10,,7,6,20,12,9,12,66,32,7,6,20,12,9,12,66,32,legacy,keep,Traction*,Amethyst Veil*,Upgrade Armor*,Valkyrian Boots*,,,
Holdfast Robes,119457531,"""6917529195893080357""",,Legendary,Chest Armor,seasonpass,Warlock,1050,1360,Arc Energy Capacity,1,Vault,true,true,false,3,11,,2,17,7,2,17,7,52,9,2,17,7,2,17,7,52,9,legacy,keep,Change Energy Type*,,,,,,
Simulator Gloves,480714723,"""6917529165879553460""",,Legendary,Gauntlets,fwc,Warlock,1050,1310,Solar Energy Capacity,3,Vault,true,true,false,3,10,,2,2,23,20,6,2,55,43,2,2,23,20,6,2,55,43,legacy,keep,Upgrade Armor*,,,,,,
Iron Remembrance Legs,3115791898,"""6917529186963746858""",,Legendary,Leg Armor,ironbanner,Warlock,1050,1310,Void Energy Capacity,3,Vault,true,true,false,3,10,,16,10,6,12,6,11,61,18,16,10,6,12,6,11,61,18,legacy,keep,Iron Precious*,Upgrade Armor*,,,,,
Seventh Seraph Hood,1790943181,"""6917529180074366016""",,Legendary,Helmet,seasonpass,Warlock,1050,1310,Solar Energy Capacity,7,Vault,true,true,false,3,10,,8,10,24,11,14,6,73,25,8,10,14,11,14,6,63,25,legacy,keep,Recovery Mod*,Fireteam Medic*,Cargulo Bristle*,Upgrade Armor*,Valkyrian Hood*,,
Chromatic Fire,4057299718,"""6917529135107084454""",,Exotic,Chest Armor,,Warlock,1050,,Solar Energy Capacity,2,Vault,true,false,false,2,4,,8,8,14,17,6,8,61,31,8,8,14,17,6,8,61,31,combatstyle,,Upgrade Armor*,Crystalline Transistor*,,,,,
Ankaa Seeker IV,852430165,"""6917529180261885472""",,Legendary,Chest Armor,crucible,Warlock,1050,1310,Arc Energy Capacity,1,Vault,true,true,false,3,10,,12,10,7,7,8,13,57,14,12,10,7,7,8,13,57,14,legacy,keep,Change Energy Type*,,,,,,
Seventh Seraph Robes,2503153700,"""6917529180068932086""",,Legendary,Chest Armor,seasonpass,Warlock,1050,1310,Solar Energy Capacity,6,Vault,true,true,false,3,10,,7,7,18,6,19,8,65,24,7,7,18,6,19,8,65,24,legacy,keep,Cargulo Bristle*,Upgrade Armor*,Luxe Overcoat*,,,,
Vigil of Heroes,1108278178,"""6917529198114829386""",,Legendary,Chest Armor,strikes,Warlock,1052,1360,Arc Energy Capacity,1,Vault,true,true,false,3,11,,2,11,10,2,6,18,49,12,2,11,10,2,6,18,49,12,legacy,keep,Vanguard Veteran*,Change Energy Type*,,,,,
Iron Remembrance Vestments,2614190248,"""6917529172166916981""",,Legendary,Chest Armor,ironbanner,Warlock,1050,1310,Void Energy Capacity,3,Vault,true,true,false,3,10,,16,7,7,10,10,10,60,17,16,7,7,10,10,10,60,17,legacy,keep,Iron Precious*,Upgrade Armor*,,,,,
Wing Theorem,2525395257,"""6917529160677088379""",,Legendary,Chest Armor,crucible,Warlock,1050,1260,Solar Energy Capacity,1,Vault,true,true,false,3,9,,2,19,6,18,2,6,53,24,2,19,6,18,2,6,53,24,legacy,keep,Crucible Legacy*,Change Energy Type*,,,,,
Karnstein Armlets,3844826440,"""6917529197666569827""",,Exotic,Gauntlets,,Warlock,1052,,Solar Energy Capacity,1,Vault,true,false,false,1,1,,12,12,11,8,9,13,65,19,12,12,11,8,9,13,65,19,combatstyle,,Change Energy Type*,Vampire's Caress*,,,,,
Iron Remembrance Vestments,2614190248,"""6917529172425695564""",,Legendary,Chest Armor,ironbanner,Warlock,1050,1310,Arc Energy Capacity,1,Vault,true,true,false,3,10,,16,11,2,11,6,12,58,13,16,11,2,11,6,12,58,13,legacy,keep,Iron Precious*,Change Energy Type*,,,,,
Seventh Seraph Boots,1829417670,"""6917529177030049957""",,Legendary,Leg Armor,seasonpass,Warlock,1050,1310,Solar Energy Capacity,2,Vault,true,true,false,3,10,,15,7,7,12,15,2,58,19,15,7,7,12,15,2,58,19,legacy,keep,Upgrade Armor*,,,,,,
Holdfast Cover,1173249516,"""6917529197018224937""",,Legendary,Helmet,seasonpass,Warlock,1050,1360,Solar Energy Capacity,3,Vault,true,true,false,3,11,,7,12,6,2,19,6,52,8,7,12,6,2,19,6,52,8,legacy,keep,Upgrade Armor*,,,,,,
Ankaa Seeker IV,215768941,"""6917529187220594787""",,Legendary,Leg Armor,crucible,Warlock,1050,1310,Solar Energy Capacity,1,Vault,true,true,false,3,10,,2,8,17,2,19,7,55,19,2,8,17,2,19,7,55,19,legacy,keep,Change Energy Type*,,,,,,
Ancient Apocalypse Hood,1013137701,"""6917529142265670369""",,Legendary,Helmet,drifter,Warlock,1050,1260,Void Energy Capacity,2,Vault,true,true,false,3,9,,6,6,13,2,22,2,51,15,6,6,13,2,22,2,51,15,legacy,keep,Gambit Leather*,Upgrade Armor*,,,,,
Simulator Gloves,480714723,"""6917529198981877777""",,Legendary,Gauntlets,fwc,Warlock,1052,1310,Arc Energy Capacity,2,Vault,true,true,false,3,10,,2,19,8,20,2,7,58,28,2,19,8,20,2,7,58,28,legacy,keep,Upgrade Armor*,,,,,,
Iron Fellowship Hood,2717305289,"""6917529196294534906""",,Legendary,Helmet,ironbanner,Warlock,1050,1360,Arc Energy Capacity,1,Vault,true,true,false,3,11,,13,6,9,19,6,7,60,28,13,6,9,19,6,7,60,28,legacy,keep,Iron Vendetta*,Change Energy Type*,,,,,
Iron Remembrance Gloves,167461728,"""6917529172437728439""",,Legendary,Gauntlets,ironbanner,Warlock,1050,1310,Arc Energy Capacity,1,Vault,true,true,false,3,10,,10,16,6,6,10,15,63,12,10,16,6,6,10,15,63,12,legacy,keep,Iron Precious*,Change Energy Type*,,,,,
Iron Remembrance Gloves,167461728,"""6917529172002576815""",,Legendary,Gauntlets,ironbanner,Warlock,1050,1310,Arc Energy Capacity,1,Vault,true,true,false,3,10,,6,8,15,11,10,9,59,26,6,8,15,11,10,9,59,26,legacy,keep,Iron Precious*,Change Energy Type*,,,,,
Holdfast Cover,1173249516,"""6917529198902064149""",,Legendary,Helmet,seasonpass,Warlock,1052,1360,Void Energy Capacity,3,Vault,true,true,false,3,11,,2,7,21,9,8,14,61,30,2,7,21,9,8,14,61,30,legacy,keep,Upgrade Armor*,,,,,,
Holdfast Gloves,327547301,"""6917529194385239378""",,Legendary,Gauntlets,seasonpass,Warlock,1050,1360,Solar Energy Capacity,1,Vault,true,true,false,3,11,,7,2,20,2,12,13,56,22,7,2,20,2,12,13,56,22,legacy,keep,Change Energy Type*,,,,,,
Ancient Apocalypse Robes,887818405,"""6917529182515791481""",,Legendary,Chest Armor,drifter,Warlock,1050,1310,Arc Energy Capacity,2,Vault,true,true,false,3,10,,2,6,21,8,2,16,55,29,2,6,21,8,2,16,55,29,legacy,keep,Gambit Leather*,Upgrade Armor*,,,,,
Iron Remembrance Hood,2758933481,"""6917529179537692015""",,Legendary,Helmet,ironbanner,Warlock,1050,1310,Void Energy Capacity,1,Vault,true,true,false,3,10,,7,8,14,13,16,2,60,27,7,8,14,13,16,2,60,27,legacy,keep,Iron Precious*,Change Energy Type*,,,,,
Anti-Extinction Boots,3176347031,"""6917529197101504895""",,Legendary,Leg Armor,do,Warlock,1051,1310,Solar Energy Capacity,5,Vault,true,true,false,3,10,,2,19,9,2,10,18,60,11,2,19,9,2,10,18,60,11,legacy,keep,Upgrade Armor*,,,,,,
Xenos Vale IV,2454114768,"""6917529187243210103""",,Legendary,Chest Armor,strikes,Warlock,1050,1310,Arc Energy Capacity,1,Vault,true,true,false,3,10,,17,6,2,12,14,2,53,14,17,6,2,12,14,2,53,14,legacy,keep,Change Energy Type*,,,,,,
Iron Remembrance Hood,2758933481,"""6917529179537687612""",,Legendary,Helmet,ironbanner,Warlock,1050,1310,Solar Energy Capacity,1,Vault,true,true,false,3,10,,7,21,2,2,26,2,60,4,7,21,2,2,26,2,60,4,legacy,keep,Iron Precious*,Change Energy Type*,,,,,
Ancient Apocalypse Hood,754069623,"""6917529198968400713""",,Legendary,Helmet,drifter,Warlock,1050,1360,Solar Energy Capacity,2,Vault,true,true,false,3,11,,10,2,17,11,6,13,59,28,10,2,17,11,6,13,59,28,legacy,keep,Gambit Leather*,Upgrade Armor*,,,,,
Insight Vikti Hood,597618504,"""6917529199343403649""",,Legendary,Helmet,legendaryengram,Warlock,1052,1360,Arc Energy Capacity,1,Vault,true,true,false,3,11,,12,14,6,7,9,12,60,13,12,14,6,7,9,12,60,13,legacy,keep,Change Energy Type*,,,,,,
Anti-Extinction Boots,3176347031,"""6917529166785081677""",,Legendary,Leg Armor,do,Warlock,1050,1310,Void Energy Capacity,1,Vault,true,true,false,3,10,,10,7,14,10,14,6,61,24,10,7,14,10,14,6,61,24,legacy,keep,Change Energy Type*,,,,,,
Seventh Seraph Gloves,2443609020,"""6917529174975561653""",,Legendary,Gauntlets,seasonpass,Warlock,1050,1310,Void Energy Capacity,6,Vault,true,true,false,3,10,,8,2,17,7,12,12,58,24,8,2,17,7,12,12,58,24,legacy,keep,Upgrade Armor*,,,,,,
Stronghold,2240152949,"""6917529179118878219""",,Exotic,Gauntlets,,Titan,1050,,Solar Energy Capacity,1,Vault,true,false,false,2,6,,8,4,19,2,8,21,62,23,8,4,19,2,8,21,62,23,combatstyle,,Change Energy Type*,Clenched Fist*,,,,,
Wing Theorem,3441081953,"""6917529194716805910""",,Legendary,Gauntlets,crucible,Warlock,1050,1360,Arc Energy Capacity,1,Vault,true,true,false,3,11,,13,7,6,13,14,2,55,19,13,7,6,13,14,2,55,19,legacy,keep,Crucible Legacy*,Change Energy Type*,,,,,
Holdfast Gloves,327547301,"""6917529198902067942""",,Legendary,Gauntlets,seasonpass,Warlock,1050,1360,Void Energy Capacity,3,Vault,true,true,false,3,11,,2,19,9,2,11,16,59,11,2,19,9,2,11,16,59,11,legacy,keep,Upgrade Armor*,,,,,,
Promethium Spur,235591051,"""6917529195591861941""",,Exotic,Leg Armor,,Warlock,1050,,Arc Energy Capacity,5,Vault,true,false,false,3,9,,2,12,18,2,14,13,61,20,2,12,18,2,14,13,61,20,combatstyle,,Upgrade Armor*,Embers of Light*,,,,,
Holdfast Robes,119457531,"""6917529195591852760""",,Legendary,Chest Armor,seasonpass,Warlock,1050,1360,Void Energy Capacity,2,Vault,true,true,false,3,11,,13,12,2,15,2,12,56,17,13,12,2,15,2,12,56,17,legacy,keep,Upgrade Armor*,,,,,,
Seventh Seraph Robes,2503153700,"""6917529166248205069""",,Legendary,Chest Armor,seasonpass,Warlock,1050,1310,Arc Energy Capacity,6,Vault,true,true,false,3,10,,2,8,21,7,7,11,56,28,2,8,21,7,7,11,56,28,legacy,keep,Upgrade Armor*,,,,,,
The Bombardiers,1219761634,"""6917529143904394786""",,Exotic,Leg Armor,,Hunter,1050,,Arc Energy Capacity,3,Vault,true,false,false,3,9,,7,2,18,6,16,2,51,20,7,2,18,6,16,2,51,20,combatstyle,,Upgrade Armor*,Parting Gift*,,,,,
High-Minded Complex,339438127,"""6917529196850097419""",,Legendary,Gauntlets,legendaryengram,Warlock,1051,1260,Void Energy Capacity,1,Vault,true,true,false,3,9,,2,13,14,11,20,2,62,25,2,13,14,11,20,2,62,25,legacy,keep,Change Energy Type*,,,,,,
Holdfast Cover,1173249516,"""6917529194373596121""",,Legendary,Helmet,seasonpass,Warlock,1050,1360,Void Energy Capacity,4,Vault,true,true,false,3,11,,2,6,21,16,2,13,60,37,2,6,21,16,2,13,60,37,legacy,keep,Upgrade Armor*,,,,,,
High-Minded Complex,489480785,"""6917529182550287609""",,Legendary,Leg Armor,legendaryengram,Warlock,1050,1260,Solar Energy Capacity,3,Vault,true,true,false,3,9,,2,10,13,2,2,23,52,15,2,10,13,2,2,23,52,15,legacy,keep,Upgrade Armor*,,,,,,
Iron Remembrance Vestments,2614190248,"""6917529179531904281""",,Legendary,Chest Armor,ironbanner,Warlock,1050,1310,Void Energy Capacity,1,Vault,true,true,false,3,10,,8,12,10,7,8,15,60,17,8,12,10,7,8,15,60,17,legacy,keep,Iron Precious*,Change Energy Type*,,,,,
Holdfast Cover,1173249516,"""6917529197799484959""",,Legendary,Helmet,seasonpass,Warlock,1052,1360,Void Energy Capacity,2,Vault,true,true,false,3,11,,18,6,6,2,26,2,60,8,18,6,6,2,26,2,60,8,legacy,keep,Upgrade Armor*,,,,,,
Holdfast Gloves,327547301,"""6917529198902067469""",,Legendary,Gauntlets,seasonpass,Warlock,1050,1360,Solar Energy Capacity,2,Vault,true,true,false,3,11,,19,6,6,13,7,9,60,19,19,6,6,13,7,9,60,19,legacy,keep,Upgrade Armor*,,,,,,
Holdfast Robes,119457531,"""6917529199596543522""",,Legendary,Chest Armor,seasonpass,Warlock,1053,1360,Solar Energy Capacity,2,Vault,true,true,false,3,11,,10,7,12,8,8,15,60,20,10,7,12,8,8,15,60,20,legacy,keep,Upgrade Armor*,,,,,,
Iron Remembrance Vestments,2614190248,"""6917529179525316242""",,Legendary,Chest Armor,ironbanner,Warlock,1050,1310,Arc Energy Capacity,3,Vault,true,true,false,3,10,,6,17,7,15,8,8,61,22,6,17,7,15,8,8,61,22,legacy,keep,Iron Precious*,Upgrade Armor*,,,,,
Holdfast Cover,1173249516,"""6917529198664704817""",,Legendary,Helmet,seasonpass,Warlock,1050,1360,Void Energy Capacity,2,Vault,true,true,false,3,11,,20,2,7,28,2,2,61,35,20,2,7,28,2,2,61,35,legacy,keep,Upgrade Armor*,,,,,,
Iron Remembrance Vestments,2614190248,"""6917529179537689859""",,Legendary,Chest Armor,ironbanner,Warlock,1050,1310,Arc Energy Capacity,3,Vault,true,true,false,3,10,,18,7,6,12,2,16,61,18,18,7,6,12,2,16,61,18,legacy,keep,Iron Precious*,Upgrade Armor*,,,,,
Iron Remembrance Hood,2758933481,"""6917529172437727228""",,Legendary,Helmet,ironbanner,Warlock,1050,1310,Arc Energy Capacity,2,Vault,true,true,false,3,10,,2,14,10,8,12,11,57,18,2,14,10,8,12,11,57,18,legacy,keep,Iron Precious*,Upgrade Armor*,,,,,
The Took Offense,1269679141,"""6917529178312001472""",,Legendary,Leg Armor,strikes,Hunter,1050,1310,Void Energy Capacity,2,Vault,true,true,false,3,10,,6,18,2,6,2,18,52,20,6,18,2,6,2,18,52,20,legacy,,Upgrade Armor*,,,,,,
Vigil of Heroes,3631862279,"""6917529198290035284""",,Legendary,Helmet,strikes,Warlock,1052,1360,Solar Energy Capacity,2,Vault,true,true,false,3,11,,19,6,2,2,12,13,54,4,19,6,2,2,12,13,54,4,legacy,keep,Vanguard Veteran*,Upgrade Armor*,,,,,
Iron Remembrance Legs,3115791898,"""6917529179518476187""",,Legendary,Leg Armor,ironbanner,Warlock,1050,1310,Arc Energy Capacity,2,Vault,true,true,false,3,10,,18,8,6,2,6,21,61,8,18,8,6,2,6,21,61,8,legacy,keep,Iron Precious*,Upgrade Armor*,,,,,
Sanguine Alchemy,3070555693,"""6917529198109938698""",,Exotic,Chest Armor,,Warlock,1052,,Arc Energy Capacity,1,Vault,true,false,false,1,3,,14,15,4,9,20,2,64,13,14,15,4,9,20,2,64,13,combatstyle,,Change Energy Type*,Blood Magic*,,,,,
Aeon Soul,2950045886,"""6917529165925622964""",,Exotic,Gauntlets,,Warlock,1050,,Void Energy Capacity,2,Vault,true,false,false,1,2,,7,15,10,17,6,10,65,27,7,15,10,17,6,10,65,27,combatstyle,,Upgrade Armor*,Aeon Energy*,,,,,
Contraverse Hold,1906093346,"""6917529200022937416""",,Exotic,Gauntlets,,Warlock,1053,,Arc Energy Capacity,1,Vault,true,false,false,2,4,,6,14,11,14,9,7,61,25,6,14,11,14,9,7,61,25,combatstyle,,Change Energy Type*,Chaotic Exchanger*,,,,,
Holdfast Cover,1173249516,"""6917529196850100975""",,Legendary,Helmet,seasonpass,Warlock,1050,1360,Arc Energy Capacity,1,Vault,true,true,false,3,11,,7,6,13,9,16,6,57,22,7,6,13,9,16,6,57,22,legacy,keep,Change Energy Type*,,,,,,
Khepri's Sting,2757274117,"""6917529144288231583""",,Exotic,Gauntlets,,Hunter,1050,,Void Energy Capacity,2,Vault,true,false,false,2,7,,3,11,18,15,11,2,60,20,3,11,18,15,11,2,60,20,combatstyle,,Upgrade Armor*,Touch of Venom*,,,,,
Sunbracers,3787517196,"""6917529132641963671""",,Exotic,Gauntlets,,Warlock,1050,,Void Energy Capacity,1,Vault,true,false,false,1,1,,10,10,11,16,10,2,59,27,10,10,11,16,10,2,59,27,combatstyle,,Change Energy Type*,Helium Spirals*,,,,,
Holdfast Cover,1173249516,"""6917529197809284903""",,Legendary,Helmet,seasonpass,Warlock,1050,1360,Solar Energy Capacity,2,Vault,true,true,false,3,11,,9,6,16,15,13,2,61,31,9,6,16,15,13,2,61,31,legacy,keep,Upgrade Armor*,,,,,,
Tesseract Trace IV,1655109893,"""6917529199601794694""",,Legendary,Leg Armor,legendaryengram,Warlock,1053,1360,Solar Energy Capacity,5,Vault,true,true,false,3,11,,16,13,2,8,2,21,62,10,16,13,2,8,2,21,62,10,legacy,keep,Upgrade Armor*,,,,,,
Holdfast Boots,674876967,"""6917529195898757767""",,Legendary,Leg Armor,seasonpass,Warlock,1050,1360,Void Energy Capacity,3,Vault,true,true,false,3,11,,15,7,6,9,16,6,59,15,15,7,6,9,16,6,59,15,legacy,keep,Upgrade Armor*,,,,,,
Synthoceps,241462142,"""6917529118545972160""",,Exotic,Gauntlets,,Titan,1050,,Solar Energy Capacity,1,Vault,true,false,false,1,1,,2,21,7,9,10,10,59,28,2,21,7,9,10,10,59,28,combatstyle,,Change Energy Type*,Biotic Enhancements*,,,,,
Holdfast Robes,119457531,"""6917529197815188411""",,Legendary,Chest Armor,seasonpass,Warlock,1050,1360,Arc Energy Capacity,4,Vault,true,true,false,3,11,,15,6,8,11,10,8,58,19,15,6,8,11,10,8,58,19,legacy,keep,Upgrade Armor*,,,,,,
Ursa Furiosa,1848640623,"""6917529118540234552""",,Exotic,Gauntlets,,Titan,1050,,Void Energy Capacity,1,Vault,true,false,false,2,4,,13,10,6,6,17,10,62,16,13,10,6,6,17,10,62,16,combatstyle,,Change Energy Type*,Ursine Guard*,,,,,
Winter's Guile,3844826443,"""6917529185316449009""",,Exotic,Gauntlets,,Warlock,1050,,Solar Energy Capacity,1,Vault,true,false,false,1,1,,2,16,15,9,10,11,63,24,2,16,15,9,10,11,63,24,combatstyle,,Change Energy Type*,Warlord's Sigil*,,,,,
Holdfast Cover,1173249516,"""6917529195725502156""",,Legendary,Helmet,seasonpass,Warlock,1050,1360,Arc Energy Capacity,5,Vault,true,true,false,3,11,,18,2,7,2,10,12,51,9,18,2,7,2,10,12,51,9,legacy,keep,Upgrade Armor*,,,,,,
Heiro Camo,3087552232,"""6917529196446019843""",,Legendary,Chest Armor,legendaryengram,Warlock,1050,1260,Arc Energy Capacity,2,Vault,true,true,false,3,9,,13,2,16,7,2,24,64,23,13,2,16,7,2,24,64,23,legacy,keep,Upgrade Armor*,,,,,,
Massyrian's Draw,494682309,"""6917529195909596312""",,Legendary,Warlock Bond,legendaryengram,Warlock,1050,1260,Arc Energy Capacity,2,Vault,true,false,false,3,9,,0,0,0,0,0,0,0,0,0,0,0,0,0,0,0,0,legacy,,Upgrade Armor*,,,,,,
Wing Theorem,2286507447,"""6917529196307689029""",,Legendary,Chest Armor,crucible,Warlock,1050,1360,Arc Energy Capacity,2,Vault,true,true,false,3,11,,8,2,17,2,12,14,55,19,8,2,17,2,12,14,55,19,legacy,keep,Crucible Legacy*,Upgrade Armor*,,,,,
Ankaa Seeker IV,1299272338,"""6917529182878811595""",,Legendary,Helmet,crucible,Warlock,1050,1310,Void Energy Capacity,1,Vault,true,true,false,3,10,,9,12,10,6,8,12,57,16,9,12,10,6,8,12,57,16,legacy,keep,Change Energy Type*,,,,,,
Ankaa Seeker IV,852430165,"""6917529177099953564""",,Legendary,Chest Armor,crucible,Warlock,1050,1310,Solar Energy Capacity,5,Vault,true,true,false,3,10,,12,16,2,2,18,7,57,4,12,16,2,2,18,7,57,4,legacy,keep,Upgrade Armor*,,,,,,
Holdfast Boots,674876967,"""6917529199343406707""",,Legendary,Leg Armor,seasonpass,Warlock,1052,1360,Arc Energy Capacity,2,Vault,true,true,false,3,11,,2,9,17,15,7,9,59,32,2,9,17,15,7,9,59,32,legacy,keep,Upgrade Armor*,,,,,,
Iron Remembrance Gloves,167461728,"""6917529187708031005""",,Legendary,Gauntlets,ironbanner,Warlock,1050,1310,Arc Energy Capacity,2,Vault,true,true,false,3,10,,2,12,14,8,13,10,59,22,2,12,14,8,13,10,59,22,legacy,keep,Iron Precious*,Upgrade Armor*,,,,,
Simulator Gloves,480714723,"""6917529195632136927""",,Legendary,Gauntlets,fwc,Warlock,1050,1310,Void Energy Capacity,3,Vault,true,true,false,3,10,,8,2,17,2,14,13,56,19,8,2,17,2,14,13,56,19,legacy,keep,Upgrade Armor*,,,,,,
Heiro Camo,629469344,"""6917529194263246675""",,Legendary,Gauntlets,legendaryengram,Warlock,1050,1260,Arc Energy Capacity,2,Vault,true,true,false,3,9,,8,9,12,7,2,19,57,19,8,9,12,7,2,19,57,19,legacy,keep,Upgrade Armor*,,,,,,
Yuga Sundown Gloves,2395959535,"""6917529182897465536""",,Legendary,Gauntlets,ep,Warlock,1050,1310,Void Energy Capacity,5,Vault,true,true,false,3,10,,7,2,17,2,2,25,55,19,7,2,17,2,2,25,55,19,legacy,keep,Upgrade Armor*,,,,,,
Holdfast Gloves,327547301,"""6917529194257590197""",,Legendary,Gauntlets,seasonpass,Warlock,1050,1360,Solar Energy Capacity,3,Vault,true,true,false,3,11,,2,11,15,2,20,6,56,17,2,11,15,2,20,6,56,17,legacy,keep,Upgrade Armor*,,,,,,
Iron Remembrance Legs,3115791898,"""6917529187702464404""",,Legendary,Leg Armor,ironbanner,Warlock,1050,1310,Void Energy Capacity,3,Vault,true,true,false,3,10,,16,13,2,13,10,6,60,15,16,13,2,13,10,6,60,15,legacy,keep,Iron Precious*,Upgrade Armor*,,,,,
Stormdancer's Brace,1996008488,"""6917529181729609927""",,Exotic,Chest Armor,,Warlock,1050,,Arc Energy Capacity,2,Vault,true,false,false,3,8,,9,9,12,6,9,13,58,18,9,9,12,6,9,13,58,18,combatstyle,,Upgrade Armor*,Ascending Amplitude*,,,,,
Eye of Another World,3381022970,"""6917529160044292681""",,Exotic,Helmet,,Warlock,1050,,Solar Energy Capacity,3,Vault,true,false,false,1,1,,2,26,4,18,2,9,61,22,2,26,4,18,2,9,61,22,combatstyle,,Upgrade Armor*,Cerebral Uplink*,,,,,
Xenos Vale IV,2498588344,"""6917529166833542108""",,Legendary,Gauntlets,strikes,Warlock,1050,1310,Arc Energy Capacity,1,Vault,true,true,false,3,10,,7,7,13,2,8,20,57,15,7,7,13,2,8,20,57,15,legacy,keep,Change Energy Type*,,,,,,
High-Minded Complex,489480785,"""6917529187702465253""",,Legendary,Leg Armor,legendaryengram,Warlock,1050,1260,Arc Energy Capacity,1,Vault,true,true,false,3,9,,7,17,6,19,6,7,62,25,7,17,6,19,6,7,62,25,legacy,keep,Change Energy Type*,,,,,,
Simulator Legs,2401694485,"""6917529196301795084""",,Legendary,Leg Armor,fwc,Warlock,1050,1310,Arc Energy Capacity,3,Vault,true,true,false,3,10,,8,6,12,22,2,2,52,34,8,6,12,22,2,2,52,34,legacy,keep,Upgrade Armor*,,,,,,
Iron Remembrance Hood,2758933481,"""6917529172431854362""",,Legendary,Helmet,ironbanner,Warlock,1050,1310,Arc Energy Capacity,1,Vault,true,true,false,3,10,,20,2,8,10,11,8,59,18,20,2,8,10,11,8,59,18,legacy,keep,Iron Precious*,Change Energy Type*,,,,,
Skull of Dire Ahamkara,1030017949,"""6917529172019299954""",,Exotic,Helmet,,Warlock,1050,,Void Energy Capacity,3,Vault,true,false,false,1,1,,13,16,3,15,12,2,61,18,13,16,3,15,12,2,61,18,combatstyle,,Upgrade Armor*,Actual Grandeur*,,,,,
Wing Theorem,2286507447,"""6917529198896393100""",infuse,Legendary,Chest Armor,crucible,Warlock,1053,1360,Solar Energy Capacity,2,Vault,true,true,false,3,11,,9,2,16,8,12,7,54,24,9,2,16,8,12,7,54,24,legacy,,Crucible Legacy*,Upgrade Armor*,,,,,
Wing Theorem,3684978064,"""6917529197934009505""",,Legendary,Helmet,crucible,Warlock,1052,1360,Arc Energy Capacity,1,Vault,true,true,false,3,11,,14,8,6,14,2,13,57,20,14,8,6,14,2,13,57,20,legacy,keep,Crucible Legacy*,Change Energy Type*,,,,,
Xenos Vale IV,2454114768,"""6917529188801408741""",,Legendary,Chest Armor,strikes,Warlock,1050,1310,Arc Energy Capacity,2,Vault,true,true,false,3,10,,16,2,13,19,6,2,58,32,16,2,13,19,6,2,58,32,legacy,keep,Upgrade Armor*,,,,,,
Ancient Apocalypse Robes,725297842,"""6917529195914824386""",,Legendary,Chest Armor,drifter,Warlock,1050,1360,Void Energy Capacity,1,Vault,true,true,false,3,11,,2,12,12,13,6,12,57,25,2,12,12,13,6,12,57,25,legacy,keep,Gambit Leather*,Change Energy Type*,,,,,
Iron Remembrance Hood,2758933481,"""6917529172425696098""",,Legendary,Helmet,ironbanner,Warlock,1050,1310,Void Energy Capacity,1,Vault,true,true,false,3,10,,2,12,15,2,6,20,57,17,2,12,15,2,6,20,57,17,legacy,keep,Iron Precious*,Change Energy Type*,,,,,
Seventh Seraph Boots,1829417670,"""6917529174660530117""",,Legendary,Leg Armor,seasonpass,Warlock,1050,1310,Solar Energy Capacity,3,Vault,true,true,false,3,10,,2,10,14,2,16,12,56,16,2,10,14,2,16,12,56,16,legacy,keep,Upgrade Armor*,,,,,,
Holdfast Boots,674876967,"""6917529194061875425""",,Legendary,Leg Armor,seasonpass,Warlock,1050,1360,Arc Energy Capacity,3,Vault,true,true,false,3,11,,6,7,16,6,19,2,56,22,6,7,16,6,19,2,56,22,legacy,keep,Upgrade Armor*,,,,,,
The Stag,2177524718,"""6917529166469444385""",,Exotic,Helmet,,Warlock,1050,,Solar Energy Capacity,1,Vault,true,false,false,1,2,,2,14,15,16,2,11,60,31,2,14,15,16,2,11,60,31,combatstyle,,Change Energy Type*,Capreolinax*,Dearly Departed*,,,,
Ancient Apocalypse Bond,896081219,"""6917529197991709585""",infuse,Legendary,Warlock Bond,drifter,Warlock,1053,1360,Solar Energy Capacity,2,Vault,true,true,false,3,11,,0,0,0,0,0,0,0,0,0,0,0,0,0,0,0,0,legacy,,Gambit Leather*,Upgrade Armor*,,,,,
Holdfast Boots,674876967,"""6917529197928167609""",,Legendary,Leg Armor,seasonpass,Warlock,1050,1360,Solar Energy Capacity,3,Vault,true,true,false,3,11,,15,6,6,2,19,9,57,8,15,6,6,2,19,9,57,8,legacy,keep,Upgrade Armor*,,,,,,
Sovereign Robes,2835971286,"""6917529198896393438""",,Legendary,Chest Armor,nm,Warlock,1050,1310,Void Energy Capacity,1,Vault,true,true,false,3,10,,2,23,2,16,2,6,51,18,2,23,2,16,2,6,51,18,legacy,keep,Change Energy Type*,,,,,,
Holdfast Robes,119457531,"""6917529198902071120""",,Legendary,Chest Armor,seasonpass,Warlock,1050,1360,Solar Energy Capacity,6,Vault,true,true,false,3,11,,26,2,2,15,7,6,58,17,26,2,2,15,7,6,58,17,legacy,keep,Upgrade Armor*,,,,,,
Holdfast Robes,119457531,"""6917529198902063250""",,Legendary,Chest Armor,seasonpass,Warlock,1050,1360,Void Energy Capacity,2,Vault,true,true,false,3,11,,2,11,17,15,9,6,60,32,2,11,17,15,9,6,60,32,legacy,keep,Upgrade Armor*,,,,,,
Wing Theorem,119859462,"""6917529197232271314""",,Legendary,Warlock Bond,crucible,Warlock,1052,1360,Arc Energy Capacity,1,Vault,true,false,false,3,11,,0,0,0,0,0,0,0,0,0,0,0,0,0,0,0,0,legacy,,Crucible Legacy*,Change Energy Type*,,,,,
Holdfast Cover,1173249516,"""6917529197180612889""",,Legendary,Helmet,seasonpass,Warlock,1052,1360,Arc Energy Capacity,3,Vault,true,true,false,3,11,,2,12,13,21,2,7,57,34,2,12,13,21,2,7,57,34,legacy,keep,Upgrade Armor*,,,,,,
High-Minded Complex,1111042046,"""6917529187472237784""",,Legendary,Helmet,legendaryengram,Warlock,1050,1260,Arc Energy Capacity,1,Vault,true,true,false,3,9,,19,2,10,8,19,6,64,18,19,2,10,8,19,6,64,18,legacy,keep,Change Energy Type*,,,,,,
Wormhusk Crown,3562696927,"""6917529110101113739""",,Exotic,Helmet,,Hunter,1050,,Void Energy Capacity,5,Vault,true,false,false,1,3,,7,12,17,6,6,12,60,29,7,2,17,6,6,12,50,29,combatstyle,,Resilience Mod*,Upgrade Armor*,Burning Souls*,,,,
Astrocyte Verse,3948284065,"""6917529174509557020""",,Exotic,Helmet,,Warlock,1050,,Solar Energy Capacity,5,Vault,true,false,false,2,7,,17,16,3,19,2,12,69,22,17,16,3,19,2,12,69,22,combatstyle,,Upgrade Armor*,Move to Survive*,,,,,
Iron Remembrance Hood,2758933481,"""6917529172437730494""",,Legendary,Helmet,ironbanner,Warlock,1050,1310,Arc Energy Capacity,2,Vault,true,true,false,3,10,,13,7,9,8,12,8,57,17,13,7,9,8,12,8,57,17,legacy,keep,Iron Precious*,Upgrade Armor*,,,,,
Crown of Tempests,3381022969,"""6917529196895896171""",,Exotic,Helmet,,Warlock,1050,,Void Energy Capacity,4,Vault,true,false,false,1,1,,7,22,7,8,14,10,68,15,7,22,7,8,14,10,68,15,combatstyle,,Upgrade Armor*,Conduction Tines*,,,,,
Holdfast Cover,1173249516,"""6917529194345147680""",,Legendary,Helmet,seasonpass,Warlock,1050,1360,Solar Energy Capacity,1,Vault,true,true,false,3,11,,8,13,8,12,9,7,57,20,8,13,8,12,9,7,57,20,legacy,keep,Change Energy Type*,,,,,,
Holdfast Cover,1173249516,"""6917529194025553495""",,Legendary,Helmet,seasonpass,Warlock,1050,1360,Arc Energy Capacity,5,Vault,true,true,false,3,11,,9,12,8,2,15,12,58,10,9,12,8,2,15,12,58,10,legacy,keep,Upgrade Armor*,,,,,,
Felwinter's Helm,2822465023,"""6917529165609227354""",,Exotic,Helmet,,Warlock,1050,,Solar Energy Capacity,7,Vault,true,false,false,3,10,,15,10,7,26,9,6,73,23,15,10,7,16,9,6,63,23,combatstyle,,Discipline Mod*,Auto Rifle Targeting*,Iron Precious*,Upgrade Armor*,Warlord's End*,,
Holdfast Cover,1173249516,"""6917529198751172875""",,Legendary,Helmet,seasonpass,Warlock,1052,1360,Arc Energy Capacity,4,Vault,true,true,false,3,11,,16,2,10,12,11,10,61,22,16,2,10,12,11,10,61,22,legacy,keep,Upgrade Armor*,,,,,,
Holdfast Gloves,327547301,"""6917529194379383839""",,Legendary,Gauntlets,seasonpass,Warlock,1050,1360,Solar Energy Capacity,1,Vault,true,true,false,3,11,,9,7,14,9,13,9,61,23,9,7,14,9,13,9,61,23,legacy,keep,Change Energy Type*,,,,,,
Foetracer,896224899,"""6917529110081754358""",,Exotic,Helmet,,Hunter,1050,,Void Energy Capacity,5,Vault,true,false,false,1,1,,4,16,16,10,6,6,58,22,4,6,16,10,6,6,48,22,combatstyle,,Resilience Mod*,Upgrade Armor*,Relentless Tracker*,,,,
Contraverse Hold,1906093346,"""6917529129289713325""",,Exotic,Gauntlets,,Warlock,1050,,Void Energy Capacity,5,Vault,true,false,false,2,4,,6,2,22,15,2,10,57,37,6,2,22,15,2,10,57,37,combatstyle,,Major Resist*,Fastball*,Buffer Overflow*,Upgrade Armor*,Chaotic Exchanger*,,
Ancient Apocalypse Hood,4255727106,"""6917529186160765299""",,Legendary,Helmet,drifter,Warlock,1050,1310,Arc Energy Capacity,1,Vault,true,true,false,3,10,,10,15,2,13,12,6,58,15,10,15,2,13,12,6,58,15,legacy,keep,Gambit Leather*,Change Energy Type*,,,,,
Yuga Sundown Boots,2970562833,"""6917529197174845435""",,Legendary,Leg Armor,ep,Warlock,1050,1310,Solar Energy Capacity,3,Vault,true,true,false,3,10,,8,2,20,13,2,12,57,33,8,2,20,13,2,12,57,33,legacy,keep,Upgrade Armor*,,,,,,
Insight Vikti Gloves,4239920089,"""6917529195622826219""",,Legendary,Gauntlets,legendaryengram,Warlock,1050,1360,Arc Energy Capacity,1,Vault,true,true,false,3,11,,14,7,9,2,10,20,62,11,14,7,9,2,10,20,62,11,legacy,keep,Change Energy Type*,,,,,,
Ancient Apocalypse Gloves,4122447870,"""6917529196741958982""",,Legendary,Gauntlets,drifter,Warlock,1050,1360,Void Energy Capacity,3,Vault,true,true,false,3,11,,7,19,2,11,9,6,54,13,7,19,2,11,9,6,54,13,legacy,keep,Gambit Leather*,Upgrade Armor*,,,,,
Holdfast Cover,1173249516,"""6917529198981880689""",,Legendary,Helmet,seasonpass,Warlock,1052,1360,Arc Energy Capacity,3,Vault,true,true,false,3,11,,2,15,11,2,21,10,61,13,2,15,11,2,21,10,61,13,legacy,keep,Upgrade Armor*,,,,,,
Iron Remembrance Strides,3600816955,"""6917529179537686466""",,Legendary,Leg Armor,ironbanner,Hunter,1050,1310,Arc Energy Capacity,1,Vault,true,true,false,3,10,,20,10,2,7,7,17,63,19,20,10,2,7,7,17,63,19,legacy,,Iron Precious*,Change Energy Type*,,,,,
Seventh Seraph Boots,1829417670,"""6917529170009986621""",,Legendary,Leg Armor,seasonpass,Warlock,1050,1310,Solar Energy Capacity,4,Vault,true,true,false,3,10,,2,12,17,13,6,6,56,30,2,12,17,13,6,6,56,30,legacy,keep,Upgrade Armor*,Valkyrian Boots*,,,,,
Claws of Ahamkara,3288917178,"""6917529115607806835""",,Exotic,Gauntlets,,Warlock,1050,,Void Energy Capacity,4,Vault,true,false,false,1,3,,2,14,16,26,2,2,62,42,2,14,16,26,2,2,62,42,combatstyle,,Upgrade Armor*,The Whispers*,,,,,
Ankaa Seeker IV,1765728763,"""6917529172127137358""",,Legendary,Gauntlets,crucible,Warlock,1050,1310,Void Energy Capacity,4,Vault,true,true,false,3,10,,11,10,8,2,13,13,57,10,11,10,8,2,13,13,57,10,legacy,keep,Upgrade Armor*,,,,,,
Iron Fellowship Boots,3115740538,"""6917529196313723404""",,Legendary,Leg Armor,ironbanner,Warlock,1052,1360,Arc Energy Capacity,2,Vault,true,true,false,3,11,,7,18,7,15,8,8,63,22,7,18,7,15,8,8,63,22,legacy,keep,Iron Vendetta*,Upgrade Armor*,,,,,
Holdfast Gloves,327547301,"""6917529195716173471""",,Legendary,Gauntlets,seasonpass,Warlock,1050,1360,Void Energy Capacity,3,Vault,true,true,false,3,11,,17,8,2,2,17,8,54,4,17,8,2,2,17,8,54,4,legacy,keep,Upgrade Armor*,,,,,,
Holdfast Cover,1173249516,"""6917529198988411212""",,Legendary,Helmet,seasonpass,Warlock,1052,1360,Solar Energy Capacity,3,Vault,true,true,false,3,11,,8,6,13,2,11,20,60,15,8,6,13,2,11,20,60,15,legacy,keep,Upgrade Armor*,,,,,,
Vigil of Heroes,3631862279,"""6917529198988404463""",,Legendary,Helmet,strikes,Warlock,1052,1360,Solar Energy Capacity,1,Vault,true,true,false,3,11,,11,10,2,13,2,15,53,15,11,10,2,13,2,15,53,15,legacy,keep,Vanguard Veteran*,Change Energy Type*,,,,,
Insight Vikti Boots,2837138379,"""6917529197460451080""",,Legendary,Leg Armor,legendaryengram,Warlock,1052,1360,Void Energy Capacity,1,Vault,true,true,false,3,11,,18,2,10,8,13,9,60,18,18,2,10,8,13,9,60,18,legacy,keep,Change Energy Type*,,,,,,
Heiro Camo,3619376218,"""6917529194486153025""",,Legendary,Leg Armor,legendaryengram,Warlock,1050,1260,Arc Energy Capacity,3,Vault,true,true,false,3,9,,8,12,9,9,2,21,61,18,8,12,9,9,2,21,61,18,legacy,keep,Upgrade Armor*,,,,,,
Vesper of Radius,1725917554,"""6917529104520257317""",,Exotic,Chest Armor,,Warlock,1050,,Solar Energy Capacity,1,Vault,true,false,false,1,2,,6,18,10,15,7,7,63,25,6,18,10,15,7,7,63,25,combatstyle,,Change Energy Type*,Planetary Torrent*,,,,,
Wings of Sacred Dawn,370930766,"""6917529195343879246""",,Exotic,Chest Armor,,Warlock,1050,,Void Energy Capacity,1,Vault,true,false,false,1,1,,4,15,14,21,8,2,64,35,4,15,14,21,8,2,64,35,combatstyle,,Change Energy Type*,Tome of Dawn*,,,,,
Transversive Steps,138282166,"""6917529197374886173""",,Exotic,Leg Armor,,Warlock,1050,,Void Energy Capacity,1,Vault,true,false,false,1,1,,15,2,14,16,11,2,60,30,15,2,14,16,11,2,60,30,combatstyle,,Change Energy Type*,Strange Protractor*,,,,,
Kairos Function Crown,452177303,"""6917529103714296841""",,Legendary,Helmet,mercury,Warlock,1050,1260,Solar Energy Capacity,3,Vault,true,true,false,3,9,,2,2,27,2,15,10,58,29,2,2,27,2,15,10,58,29,legacy,keep,Upgrade Armor*,,,,,,
Righteous Boots,936010065,"""6917529156660874834""",,Legendary,Leg Armor,seasonpass,Warlock,1050,1260,Void Energy Capacity,6,Vault,true,true,false,3,9,,10,6,17,10,12,11,66,27,10,6,17,10,12,11,66,27,legacy,keep,Upgrade Armor*,,,,,,