Name,Hash,Id,Tag,Tier,Type,Source,Category,Element,Power,Power Limit,Masterwork Type,Masterwork Tier,Owner,Locked,Equipped,Year,Season,Event,Recoil,AA,Impact,Range,Blast Radius,Velocity,Stability,ROF,Reload,Mag,Equip,Charge Time,Draw Time,Accuracy,Notes,Perks 0,Perks 1,Perks 2,Perks 3,Perks 4,Perks 5,Perks 6,Perks 7,Perks 8,Perks 9,Perks 10,Perks 11,Perks 12,Perks 13
The Huckleberry,2286143274,"""6917529060051300163""",,Exotic,Submachine Gun,,Kinetic,Kinetic,1052,,,10,Hunter(1053),true,false,1,3,,100,49,22,58,0,0,56,750,10,37,87,0,0,0,,Ride the Bull*,Fluted Barrel*,Ricochet Rounds*,Rampage*,Short-Action Stock*,Huckleberry Catalyst*,,,,,,,,
Malfeasance,204878059,"""6917529189264769864""",,Exotic,Hand Cannon,,Kinetic,Kinetic,1050,,,,Hunter(1053),false,false,2,4,,98,50,78,50,0,0,96,180,64,14,32,0,0,0,,Explosive Shadow*,Corkscrew Rifling*,Extended Mag*,Taken Predator*,Heavy Grip*,,,,,,,,,
Arbalest,2130065553,"""6917529134395718230""",,Exotic,Linear Fusion Rifle,,Kinetic,Kinetic,1052,,,,Hunter(1053),false,false,2,6,,87,61,41,60,0,0,60,0,35,5,28,533,0,0,,Compounding Force*,Extended Barrel*,Projection Fuse*,Disruption Break*,Composite Stock*,,,,,,,,,
Traveler's Chosen,1853180924,"""6917529203675802456""",,Exotic,Sidearm,,Kinetic,Kinetic,1053,,,,Hunter(1053),false,false,3,11,,85,85,49,86,0,0,73,300,46,15,86,0,0,0,,Gathering Light*,QuickDot SAS*,Armor-Piercing Rounds*,Gift of the Traveler*,Short-Action Stock*,,,,,,,,,
Vigilance Wing,3628991659,"""6917529057855812909""",,Exotic,Pulse Rifle,,Kinetic,Kinetic,1050,,,10,Hunter(1053),true,false,1,1,,79,60,33,68,0,0,73,530,46,30,49,0,0,0,,Harsh Truths*,Corkscrew Rifling*,Alloy Magazine*,Last Stand*,Composite Stock*,Book of the Dead*,Vigilance Wing Catalyst*,,,,,,,
Cerberus+1,1541131350,"""6917529122386114553""",,Exotic,Auto Rifle,,Kinetic,Kinetic,1050,,,,Hunter(1053),false,false,2,4,,86,60,33,32,0,0,28,360,42,31,34,0,0,0,,Four-Headed Dog*,Rifled Barrel*,Fluted Barrel*,Full Bore*,Spread Shot Package*,Empty Catalyst Socket*,,,,,,,,
Cold Denial,1216130969,"""6917529195946513791""",,Legendary,Pulse Rifle,seasonpass,Kinetic,Kinetic,1050,1360,Stability,1,Hunter(1053),true,false,3,11,,73,32,33,68,0,0,61,340,54,28,32,0,0,0,pvp-1|popular-pvp,High-Impact Frame*,Smallbore*,Flared Magwell*,Zen Moment*,Headseeker*,Tier 1 Weapon*,,,,,,,,
Borealis,3141979347,"""6917529106508038212""",,Exotic,Sniper Rifle,,Energy,Void,1050,,,10,Hunter(1053),false,false,1,1,,55,65,90,59,0,0,66,72,50,5,78,0,0,0,,The Fundamentals*,Corkscrew Rifling*,Extended Mag*,Ionic Return*,Hand-Laid Stock*,Borealis Catalyst*,,,,,,,,
Eriana's Vow,3524313097,"""6917529116337499185""",,Exotic,Hand Cannon,,Energy,Solar,1050,,,,Hunter(1053),false,false,3,8,,100,80,100,100,0,0,37,90,32,6,31,0,0,0,,Looks Can Kill*,Extended Barrel*,Accurized Rounds*,Death at First Glance*,Polymer Grip*,For Wei*,Empty Catalyst Socket*,,,,,,,
Ruinous Effigy,1363238943,"""6917529197460450969""",,Exotic,Trace Rifle,,Energy,Void,1052,,,,Hunter(1053),false,false,3,11,,96,84,8,50,0,0,80,1000,40,94,58,0,0,0,,Transmutation*,Hammer-Forged Rifling*,Particle Repeater*,Evolution*,Composite Stock*,Empty Catalyst Socket*,,,,,,,,
Coldheart,1345867571,"""6917529060236856046""",,Exotic,Trace Rifle,,Energy,Arc,1052,,,10,Hunter(1053),false,false,1,1,,100,100,6,73,0,0,73,1000,37,101,32,0,0,0,,Cold Fusion*,Extended Barrel*,Enhanced Battery*,Longest Winter*,Hand-Laid Stock*,Sub-Zero*,Coldheart Catalyst*,,,,,,,
Seventh Seraph VY-7,766323545,"""6917529168515712150""",,Legendary,Submachine Gun,seasonpass,Energy,Arc,1050,1310,Reload Speed,1,Hunter(1053),true,false,3,10,,91,57,25,63,0,0,52,600,28,29,32,0,0,0,,Precision Frame*,Corkscrew Rifling*,Appended Mag*,Ambitious Assassin*,Elemental Capacitor*,Tier 1 Weapon*,,,,,,,,
Seventh Seraph CQC-12,1821724780,"""6917529170056995698""",,Legendary,Shotgun,seasonpass,Energy,Solar,1050,1310,Handling,1,Hunter(1053),true,false,3,10,,56,46,65,53,0,0,54,80,64,6,60,0,0,0,pve-1|pvp-1|popular-pvp,Lightweight Frame*,Rifled Barrel*,Steady Rounds*,Lead from Gold*,Shield Disorient*,Tier 1 Weapon*,Tyrant's Cudgel*,,,,,,,
Leviathan's Breath,2591746970,"""6917529117509147931""",,Exotic,Combat Bow,,Power,Void,1050,,,,Hunter(1053),false,false,3,8,,75,66,60,0,0,0,14,0,10,0,10,0,1328,89,,Big-Game Hunter*,Chain Bowstring*,Fiberglass Arrow Shaft*,Leviathan's Sigh*,Empty Catalyst Socket*,,,,,,,,,
The Colony,3899270607,"""6917529060997652672""",,Exotic,Grenade Launcher,,Power,Void,1050,,,10,Hunter(1053),false,false,1,2,,80,60,0,0,22,42,91,140,73,7,86,0,0,0,,Insectoid Robot Grenades*,Linear Compensator*,High-Velocity Rounds*,Serve the Colony*,Composite Stock*,Colony Catalyst*,,,,,,,,
The Militia's Birthright,3745974521,"""6917529197186144904""",,Legendary,Grenade Launcher,nightfall,Kinetic,Kinetic,1052,1060,Velocity,10,Hunter(1053),true,true,2,4,,62,75,0,0,52,79,31,90,67,1,68,0,0,0,popular-pve,Lightweight Frame*,Volatile Launch*,Confined Launch,Hard Launch,Proximity Grenades*,Implosion Rounds,Quickdraw*,Moving Target*,Masterwork*,Tracker Disabled*,Kill Tracker,Crucible Tracker,,
The Fourth Horseman,1665952087,"""6917529168988557397""",,Exotic,Shotgun,,Energy,Arc,1050,,,,Hunter(1053),false,true,3,10,,100,39,80,30,0,0,50,360,42,4,40,0,0,0,,Thunderer*,Arrowhead Brake*,Assault Mag*,Broadside*,Fitted Stock*,Empty Catalyst Socket*,,,,,,,,
Falling Guillotine,614426548,"""6917529195595492735""",,Legendary,Sword,seasonpass,Power,Void,1050,1360,Impact,10,Hunter(1053),true,true,3,11,,0,0,62,0,0,0,0,0,0,67,0,0,0,0,popular-pve,Vortex Frame*,Enduring Blade*,Heavy Guard*,Energy Transfer*,Whirlwind Blade*,Major Spec*,Masterwork*,Tracker Disabled,Kill Tracker*,Crucible Tracker,,,,
Botheration Mk.28,1457394910,"""6917529208566456516""",,Rare,Shotgun,,Kinetic,Kinetic,1114,,,,Warlock(1066),false,false,2,4,,55,27,80,36,0,0,24,55,18,6,28,0,0,0,,Aggressive Frame*,Hammer-Forged Rifling*,Smallbore,Extended Mag*,Auto-Loading Holster*,,,,,,,,,
Cold Front,1506719573,"""6917529143927514998""",,Legendary,Submachine Gun,,Kinetic,Kinetic,1050,1260,Range,3,Warlock(1066),true,false,3,9,,100,29,22,49,0,0,30,750,41,27,53,0,0,0,pve-3|pvp-3,Aggressive Frame*,Chambered Compensator*,Fluted Barrel,Accurized Rounds,Flared Magwell*,Feeding Frenzy*,Vorpal Weapon*,Tier 3 Weapon*,,,,,,
Long Shadow,3745990145,"""6917529208558525973""",,Legendary,Sniper Rifle,strikes,Kinetic,Kinetic,1097,1360,Reload Speed,1,Warlock(1066),false,false,3,11,,47,59,70,54,0,0,48,90,74,4,58,0,0,0,,Adaptive Frame*,ATA Scout*,ATC Rex,Drop Mag*,Extended Mag,Threat Detector*,Triple Tap*,Vanguard Veteran*,Tier 1 Weapon*,,,,,
Ballyhoo Mk.27,2591586263,"""6917529208529901253""",,Rare,Hand Cannon,,Kinetic,Kinetic,1099,,,,Warlock(1066),false,false,2,4,,86,72,84,49,0,0,54,140,44,10,50,0,0,0,,Adaptive Frame*,TrueSight HCS*,SteadyHand HCS,Armor-Piercing Rounds*,Hip-Fire Grip*,,,,,,,,,
Night Watch,3504336176,"""6917529208500250819""",,Legendary,Scout Rifle,gambitprime,Kinetic,Kinetic,1079,1360,Handling,1,Warlock(1066),false,false,3,11,,57,69,60,48,0,0,46,200,44,19,74,0,0,0,,Lightweight Frame*,Corkscrew Rifling*,Extended Mag*,Overflow*,Explosive Payload*,Tier 1 Weapon*,,,,,,,,
Botheration Mk.28,1457394910,"""6917529208500245728""",,Rare,Shotgun,,Kinetic,Kinetic,1065,,,,Warlock(1066),false,false,2,4,,55,27,80,36,0,0,24,55,18,6,28,0,0,0,,Aggressive Frame*,Hammer-Forged Rifling*,Smallbore,Extended Mag*,Auto-Loading Holster*,,,,,,,,,
Ballyhoo Mk.27,653875712,"""6917529208505723902""",,Rare,Hand Cannon,,Kinetic,Kinetic,1069,,,,Warlock(1066),false,false,1,1,,86,72,84,49,0,0,54,140,44,10,50,0,0,0,,Adaptive Frame*,TrueSight HCS*,SteadyHand HCS,Armor-Piercing Rounds*,Hip-Fire Grip*,,,,,,,,,
Trax Lysis II,3906357377,"""6917529208489203204""",,Rare,Scout Rifle,,Kinetic,Kinetic,1072,,,,Warlock(1066),false,false,2,4,,67,27,67,66,0,0,37,150,36,11,26,0,0,0,,High-Impact Frame*,Focus Lens FLS2*,Quickdraw IS,Steady Rounds*,Full Auto Trigger System*,,,,,,,,,
Black Tiger-2sr,3906357378,"""6917529208558526349""",,Rare,Scout Rifle,,Energy,Arc,1115,,,,Warlock(1066),false,false,2,4,,55,57,45,37,0,0,48,260,42,16,39,0,0,0,,VEIST Rapid-Fire*,Corkscrew Rifling*,Extended Barrel,Armor-Piercing Rounds*,Zen Moment*,,,,,,,,,
Nox Cordis II,3441197112,"""6917529208573227440""",,Rare,Fusion Rifle,,Energy,Arc,1120,,,,Warlock(1066),false,false,2,4,,46,29,60,26,0,0,32,0,48,7,64,580,0,0,,Rapid-Fire Frame*,Quickdraw IS*,TrueSight IS,Liquid Coils*,Rampage*,,,,,,,,,
Harsh Language,2936850733,"""6917529208516257337""",,Rare,Grenade Launcher,,Energy,Arc,1096,,,,Warlock(1066),false,false,1,1,,60,75,0,0,5,82,41,90,71,1,68,0,0,0,,Lightweight Frame*,Linear Compensator*,Quick Launch,Hard Launch,Blinding Grenades*,Concussion Grenades,Field Prep*,Dead Zone Foliage (Worn)*,,,,,,
Gnawing Hunger,821154603,"""6917529195622827903""",,Legendary,Auto Rifle,gambitprime,Energy,Void,1050,1360,Range,10,Warlock(1066),true,false,3,11,,64,65,21,62,0,0,58,600,43,51,62,0,0,0,pve-3|pvp-3|popular-pve|popular-pvp,Adaptive Frame*,Chambered Compensator*,Full Bore,Extended Mag*,Alloy Magazine,Tap the Trigger*,Rampage*,Masterwork*,Tracker Disabled*,Kill Tracker,Crucible Tracker,,,
Riskrunner,3089417789,"""6917529208558522819""",,Exotic,Submachine Gun,,Energy,Arc,1102,,,10,Warlock(1066),true,false,1,1,,100,50,20,55,0,0,60,900,24,41,74,0,0,0,,Arc Conductor*,Arrowhead Brake*,Extended Mag*,Superconductor*,Short-Action Stock*,Riskrunner Catalyst*,,,,,,,,
Lamia HC2,2591586262,"""6917529207619907288""",,Rare,Hand Cannon,,Energy,Arc,1061,,,,Warlock(1066),false,false,2,4,,84,86,84,39,0,0,42,140,72,11,66,0,0,0,,Adaptive Frame*,HitMark HCS*,TrueSight HCS,Flared Magwell*,Outlaw*,,,,,,,,,
Sunshot,2907129557,"""6917529043033135039""",,Exotic,Hand Cannon,,Energy,Solar,1050,,,10,Warlock(1066),true,false,1,1,,100,60,80,47,0,0,50,150,75,12,92,0,0,0,,Sunburn*,Chambered Compensator*,Accurized Rounds*,Sun Blast*,Textured Grip*,Red Dwarf*,Sunshot Catalyst*,,,,,,,
Plemusa-B,3493948735,"""6917529208551585571""",,Rare,Grenade Launcher,,Power,Solar,1093,,,,Warlock(1066),false,false,2,4,,53,55,0,0,28,30,42,120,43,5,38,0,0,0,,Adaptive Frame*,Volatile Launch*,Smart Drift Control,Proximity Grenades*,Auto-Loading Holster*,,,,,,,,,
Hammerhead,603242241,"""6917529126262107687""",,Legendary,Machine Gun,blackarmory,Power,Void,1050,1060,Range,10,Warlock(1066),true,false,2,5,,85,90,41,78,0,0,73,450,64,60,37,0,0,0,popular-pve|popular-pvp,Adaptive Frame*,Arrowhead Brake,Chambered Compensator*,Extended Mag,High-Caliber Rounds*,Tap the Trigger*,Rampage*,New Age Black Armory*,Boss Spec*,Masterwork*,Tracker Disabled,Kill Tracker*,Crucible Tracker,Base Radiance*
Stampede Mk.32,3493948734,"""6917529208558524331""",,Rare,Grenade Launcher,,Power,Void,1101,,,,Warlock(1066),false,false,2,4,,51,25,0,0,20,42,40,150,28,4,24,0,0,0,,Rapid-Fire Frame*,Confined Launch*,Quick Launch,Sticky Grenades*,Quickdraw*,,,,,,,,,
Honor's Edge,2857348871,"""6917529208500242444""",,Legendary,Sword,legendaryengram,Power,Arc,1069,1310,Impact,3,Warlock(1066),false,false,3,10,,0,0,61,0,0,0,0,0,0,66,0,0,0,0,,Adaptive Frame*,Hungry Edge*,Enduring Blade,Burst Guard*,Enduring Guard,Tireless Blade*,Surrounded*,Tier 3 Weapon*,,,,,,
Rest for the Wicked,2891976013,"""6917529208516252216""",,Rare,Sword,,Power,Void,1095,,,,Warlock(1066),false,false,2,4,,0,0,58,0,0,0,0,0,0,65,0,0,0,0,,Adaptive Frame*,Enduring Blade*,Honed Edge,Balanced Guard*,Assassin's Blade*,,,,,,,,,
Bayesian MSu,1678957656,"""6917529208537355939""",,Rare,Pulse Rifle,,Kinetic,Kinetic,1107,,,,Warlock(1066),false,false,2,4,,66,57,29,47,0,0,52,390,44,35,54,0,0,0,,Adaptive Frame*,Red Dot-ORS*,Red Dot-ORS1,Alloy Magazine*,Full Auto Trigger System*,,,,,,,,,
Rest for the Wicked,2891976013,"""6917529208505730676""",,Rare,Sword,,Power,Void,1084,,,,Warlock(1066),false,false,2,4,,0,0,58,0,0,0,0,0,0,65,0,0,0,0,,Adaptive Frame*,Enduring Blade*,Honed Edge,Balanced Guard*,Assassin's Blade*,,,,,,,,,
Parsec TSu,3441197115,"""6917529208516261532""",,Rare,Fusion Rifle,,Energy,Solar,1087,,,,Warlock(1066),false,false,2,4,,64,55,95,57,0,0,36,0,24,5,31,860,0,0,,High-Impact Frame*,TrueSight IS*,Fastdraw IS,Particle Repeater*,Field Prep*,,,,,,,,,
Philippis-B,3383958218,"""6917529208510789937""",,Rare,Submachine Gun,,Kinetic,Kinetic,1090,,,,Warlock(1066),false,false,2,4,,85,50,25,63,0,0,40,600,21,26,36,0,0,0,,Precision Frame*,GA Post*,GB Iron,Accurized Rounds*,Dynamic Sway Reduction*,,,,,,,,,
Allegro-34,2591586260,"""6917529208516259735""",,Rare,Hand Cannon,,Energy,Solar,1088,,,,Warlock(1066),false,false,2,4,,86,70,84,45,0,0,69,140,42,9,59,0,0,0,,Adaptive Frame*,SteadyHand HCS*,TrueSight HCS,Ricochet Rounds*,Opening Shot*,,,,,,,,,
Parsec TSu,3441197115,"""6917529208510788291""",,Rare,Fusion Rifle,,Energy,Solar,1089,,,,Warlock(1066),false,false,2,4,,64,55,95,57,0,0,36,0,24,5,31,860,0,0,,High-Impact Frame*,TrueSight IS*,Fastdraw IS,Particle Repeater*,Field Prep*,,,,,,,,,
Night Watch,3504336176,"""6917529203887785968""",,Legendary,Scout Rifle,gambitprime,Kinetic,Kinetic,1053,1360,Stability,2,Warlock(1066),true,true,3,11,,57,69,60,43,0,0,48,200,62,18,82,0,0,0,,Lightweight Frame*,Fluted Barrel*,Smallbore,Appended Mag*,Extended Mag,Outlaw*,Explosive Payload*,Moving Target,Tier 2 Weapon*,,,,,
Hard Light,4124984448,"""6917529056537693609""",,Exotic,Auto Rifle,,Energy,Void,1069,,,10,Warlock(1066),true,true,1,1,,100,100,21,46,0,0,82,600,68,49,79,0,0,0,,Volatile Light*,Polygonal Rifling*,Alloy Magazine*,The Fundamentals*,Composite Stock*,The Future is Chrome*,Hard Light Catalyst*,,,,,,,
Falling Guillotine,614426548,"""6917529197145434639""",,Legendary,Sword,seasonpass,Power,Void,1081,1360,Impact,10,Warlock(1066),true,true,3,11,,0,0,68,0,0,0,0,0,0,56,0,0,0,0,popular-pve,Vortex Frame*,Enduring Blade,Honed Edge,Jagged Edge*,Balanced Guard,Swordmaster's Guard*,Tireless Blade*,Whirlwind Blade*,Major Spec*,Masterwork*,Riptide*,Tracker Disabled,Kill Tracker*,Crucible Tracker
Ace of Spades,347366834,"""6917529176746120700""",,Exotic,Hand Cannon,,Kinetic,Kinetic,1050,,,,Titan(1053),false,false,2,4,,100,70,84,86,0,0,55,140,48,13,55,0,0,0,,Memento Mori*,Corkscrew Rifling*,High-Caliber Rounds*,Firefly*,Smooth Grip*,Empty Catalyst Socket*,,,,,,,,
The Chaperone,3413860062,"""6917529147829250544""",,Exotic,Shotgun,,Kinetic,Kinetic,1050,,,,Titan(1053),false,false,2,4,,50,70,75,100,0,0,37,70,37,6,82,0,0,0,,Precision Slug*,Hammer-Forged Rifling*,Accurized Rounds*,The Roadborn*,Hand-Laid Stock*,,,,,,,,,
Crimson,3437746471,"""6917529104457509692""",,Exotic,Hand Cannon,,Kinetic,Kinetic,1050,,,10,Titan(1053),true,false,1,2,,55,75,92,75,0,0,97,415,64,14,42,0,0,0,,Banned Weapon*,Smallbore*,Accurized Rounds*,Cruel Remedy*,Heavy Grip*,Crimson Catalyst*,,,,,,,,
Bastion,2415517654,"""6917529159646501623""",,Exotic,Fusion Rifle,,Kinetic,Kinetic,1050,,,,Titan(1053),false,false,3,9,,75,65,85,42,0,0,57,0,32,5,39,780,0,0,,Saint's Fists*,Hammer-Forged Rifling*,Liquid Coils*,Breakthrough*,Composite Stock*,,,,,,,,,
Bad Juju,2816212794,"""6917529120745880537""",,Exotic,Pulse Rifle,,Kinetic,Kinetic,1050,,,,Titan(1053),false,false,2,7,,85,60,27,46,0,0,79,450,52,27,60,0,0,0,,String of Curses*,Hammer-Forged Rifling*,Steady Rounds*,Hip-Fire Grip*,Short-Action Stock*,Empty Catalyst Socket*,,,,,,,,
Monte Carlo,4068264807,"""6917529136316368963""",,Exotic,Auto Rifle,,Kinetic,Kinetic,1050,,,,Titan(1053),false,false,3,8,,80,50,21,55,0,0,68,600,81,43,82,0,0,0,,Monte Carlo Method*,Fluted Barrel*,High-Caliber Rounds*,Markov Chain*,Composite Stock*,,,,,,,,,
The Last Word,1364093401,"""6917529139075550960""",,Exotic,Hand Cannon,,Kinetic,Kinetic,1050,,,,Titan(1053),false,false,2,5,,100,40,78,42,0,0,46,225,82,8,46,0,0,0,,Fan Fire*,Corkscrew Rifling*,Accurized Rounds*,Hip-Fire Grip*,Textured Grip*,,,,,,,,,
Lumina,3512014804,"""6917529134641971740""",,Exotic,Hand Cannon,,Kinetic,Kinetic,1050,,,,Titan(1053),false,false,2,7,,100,88,84,53,0,0,55,140,65,13,78,0,0,0,,Noble Rounds*,Chambered Compensator*,Accurized Rounds*,Blessing of the Sky*,Polymer Grip*,Empty Catalyst Socket*,,,,,,,,
Tommy's Matchbook,776191470,"""6917529179118878663""",,Exotic,Auto Rifle,seasonpass,Energy,Solar,1050,,,,Titan(1053),false,false,3,10,,64,81,18,58,0,0,59,720,10,72,62,0,0,0,,Ignition Trigger*,Hammer-Forged Rifling*,Extended Mag*,Heat Sink*,Hand-Laid Stock*,Empty Catalyst Socket*,,,,,,,,
Symmetry,4017959782,"""6917529141869802250""",,Exotic,Scout Rifle,,Energy,Arc,1052,,,,Titan(1053),false,false,3,9,,85,75,45,37,0,0,68,260,24,20,42,0,0,0,,Revolution*,Hammer-Forged Rifling*,Particle Repeater*,Dynamic Charge*,Composite Stock*,Skyline Constellation*,Empty Catalyst Socket*,,,,,,,
Jötunn,417164956,"""6917529132993903049""",,Exotic,Fusion Rifle,blackarmory,Energy,Solar,1050,,,,Titan(1053),false,false,2,5,,77,67,100,52,0,0,31,0,31,5,42,860,0,0,,Charge Shot*,Volatile Launch*,Liquid Coils*,Shield Disorient*,Polymer Grip*,,,,,,,,,
Lord of Wolves,3413860063,"""6917529122741104656""",,Exotic,Shotgun,,Energy,Solar,1050,,,,Titan(1053),false,false,2,4,,90,80,68,28,0,0,59,640,64,6,46,0,0,0,,Shrapnel Launcher*,Chambered Compensator*,Extended Mag*,Release the Wolves*,Composite Stock*,Empty Catalyst Socket*,,,,,,,,
Trinity Ghoul,814876685,"""6917529114945375407""",,Exotic,Combat Bow,,Energy,Arc,1050,,,,Titan(1053),false,false,2,4,,77,74,80,0,0,0,50,0,55,0,58,0,756,96,,Split Electron*,High Tension String*,Compact Arrow Shaft*,Lightning Rod*,Empty Catalyst Socket*,,,,,,,,,
Wavesplitter,1852863732,"""6917529134292336744""",,Exotic,Trace Rifle,,Energy,Void,1050,,,,Titan(1053),false,false,2,4,,100,100,6,70,0,0,96,1000,50,100,51,0,0,0,,Harmonic Laser*,Polygonal Rifling*,Enhanced Battery*,Supercharged Battery*,Fitted Stock*,,,,,,,,,
Graviton Lance,3628991658,"""6917529056934880274""",,Exotic,Pulse Rifle,,Energy,Void,1050,,,10,Titan(1053),true,false,1,1,,85,60,29,73,0,0,100,257,61,31,54,0,0,0,,Black Hole*,Hammer-Forged Rifling*,Accurized Rounds*,Cosmology*,Fitted Stock*,Particle Accelerator*,Graviton Lance Catalyst*,,,,,,,
Devil's Ruin,3824106094,"""6917529148440549470""",,Exotic,Sidearm,,Energy,Solar,1050,,,,Titan(1053),false,false,3,9,,100,56,49,64,0,0,68,300,24,15,45,1000,0,0,,Close the Gap*,Extended Barrel*,Projection Fuse*,Pyrogenesis*,Combat Grip*,,,,,,,,,
D.A.R.C.I.,3141979346,"""6917529057948211048""",,Exotic,Sniper Rifle,,Power,Arc,1050,,,10,Titan(1053),false,false,1,1,,100,60,55,46,0,0,78,140,46,7,82,0,0,0,,Personal Assistant*,Extended Barrel*,Extended Mag*,Target Acquired*,Short-Action Stock*,Mind of Its Own*,D.A.R.C.I. Catalyst*,,,,,,,
Heir Apparent,2084878005,"""6917529183732731887""",,Exotic,Machine Gun,,Power,Solar,1050,,,,Titan(1053),false,false,3,10,,95,90,39,68,0,0,62,900,55,115,70,0,0,0,,Heavy Slug Thrower*,Corkscrew Rifling*,Appended Mag*,Armor of the Colossus*,Combat Grip*,,,,,,,,,
Sleeper Simulant,4036115577,"""6917529055852988507""",,Exotic,Linear Fusion Rifle,,Power,Solar,1050,,,10,Titan(1053),false,false,1,3,,65,57,41,63,0,0,59,0,50,4,46,1024,0,0,,Dornröschen*,Polygonal Rifling*,Flared Magwell*,Moving Target*,Composite Stock*,Hypnopompic*,Sleeper Simulant Catalyst*,,,,,,,
Black Talon,3766045777,"""6917529114279081257""",,Exotic,Sword,,Power,Void,1050,,,,Titan(1053),false,false,2,4,,0,0,61,0,0,0,0,0,0,62,0,0,0,0,,Crow's Wings*,Tempered Edge*,Heavy Guard*,Tireless Blade*,Tangled Paladin*,Empty Catalyst Socket*,,,,,,,,
The Wardcliff Coil,1508896098,"""6917529060855256286""",,Exotic,Rocket Launcher,,Power,Arc,1050,,,10,Titan(1053),false,false,1,1,,60,80,0,0,62,96,60,60,37,1,82,0,0,0,,Mad Scientist*,Volatile Launch*,Extended Mag*,Mechanized Autoloader*,Composite Stock*,Tesla's Revenge*,Wardcliff Coil Catalyst*,,,,,,,
Worldline Zero,1864563948,"""6917529055328434078""",,Exotic,Sword,,Power,Arc,1050,,,10,Titan(1053),false,false,1,3,,0,0,61,0,0,0,0,0,0,62,0,0,0,0,,Tesseract*,Tempered Edge*,Infinite Guard*,Assassin's Blade*,Tireless Blade*,Positive Infinity*,Worldline Catalyst*,,,,,,,
Thunderlord,3325463374,"""6917529103720717333""",,Exotic,Machine Gun,,Power,Arc,1050,,,,Titan(1053),false,false,2,4,Festival of the Lost,70,90,41,68,0,0,64,450,68,62,46,0,0,0,,Reign Havoc*,Polygonal Rifling*,Armor-Piercing Rounds*,Lightning Rounds*,Feeding Frenzy*,Law of Induction*,,,,,,,,
Two-Tailed Fox,2694576561,"""6917529101712609285""",,Exotic,Rocket Launcher,,Power,Void,1050,,,,Titan(1053),false,false,2,4,,61,67,0,0,70,55,73,40,45,1,57,0,0,0,,Twintails*,Confined Launch*,High-Velocity Rounds*,Play with Your Prey*,Composite Stock*,Chasing Kitsune*,,,,,,,,
Buzzard,805677041,"""6917529148154639155""",,Legendary,Sidearm,strikes,Kinetic,Kinetic,1050,1260,Stability,10,Titan(1053),true,true,3,9,,100,89,49,51,0,0,79,300,37,15,47,0,0,0,,Adaptive Frame*,Extended Barrel*,Alloy Magazine*,Outlaw*,Fourth Time's the Charm,Osmosis*,Swashbuckler,Masterwork*,Tracker Disabled*,Kill Tracker,Crucible Tracker,,,
Fighting Lion,3549153978,"""6917529059339717779""",,Exotic,Grenade Launcher,,Energy,Void,1050,,,10,Titan(1053),false,true,1,1,,90,80,0,0,50,55,78,90,55,1,100,0,0,0,,Delayed Gratification*,Countermass*,Implosion Rounds*,Thin the Herd*,Short-Action Stock*,Fighting Lion Catalyst*,,,,,,,,
Pyroclastic Flow,1289324202,"""6917529141136235008""",,Legendary,Rocket Launcher,seasonpass,Power,Solar,1050,1260,Stability,1,Titan(1053),true,true,3,9,,63,59,0,0,72,57,42,15,59,1,42,0,0,0,pve-2|pvp-1,Precision Frame*,Volatile Launch*,Alloy Casing*,Ambitious Assassin*,Moving Target*,Tier 1 Weapon*,,,,,,,,
Timelines' Vertex,3055192515,"""6917529188796903584""",,Legendary,Fusion Rifle,legendaryengram,Energy,Solar,1050,1310,"Charge Time, Impact",1,Vault,true,false,3,10,,60,60,70,50,0,0,46,0,46,7,39,656,0,0,,Adaptive Frame*,Signal MS5*,Spark PS,Enhanced Battery*,Particle Repeater,Lead from Gold*,Disruption Break*,Tier 1 Weapon*,,,,,,
Interference VI,2257180473,"""6917529169691659107""",,Legendary,Grenade Launcher,legendaryengram,Power,Arc,1050,1310,Handling,4,Vault,true,false,3,10,,66,61,0,0,35,36,58,120,55,6,50,0,0,0,pvp-1,Adaptive Frame*,Confined Launch*,Smart Drift Control,Thermoplastic Grenades,High-Velocity Rounds*,Auto-Loading Holster*,Threat Detector*,Tier 4 Weapon*,,,,,,
Trophy Hunter,4166221755,"""6917529156855099009""",,Legendary,Sniper Rifle,seasonpass,Energy,Void,1050,1260,Reload Speed,6,Vault,true,false,3,9,,80,46,90,85,0,0,34,72,46,4,35,0,0,0,pve-1|pvp-1,Aggressive Frame*,Corkscrew Rifling*,Extended Barrel,Appended Mag*,Steady Rounds,Lead from Gold*,Dragonfly*,Boss Spec*,Tier 6 Weapon*,Tracker Disabled*,Kill Tracker,Crucible Tracker,,
Line in the Sand,946443267,"""6917529163517775116""",,Legendary,Linear Fusion Rifle,mercury,Power,Arc,1050,1260,"Charge Time, Impact",1,Vault,true,false,3,9,,63,60,41,54,0,0,48,0,31,5,33,530,0,0,pve-3|pvp-2,Precision Frame*,Chambered Compensator,Hammer-Forged Rifling*,Liquid Coils,Projection Fuse*,Rapid Hit*,Firing Line,Auto-Loading Holster*,Tier 1 Weapon*,,,,,
Hawthorne's Field-Forged Shotgun,1807343361,"""6917529196580617414""",,Legendary,Shotgun,legendaryengram,Kinetic,Kinetic,1051,1260,Stability,2,Vault,true,false,3,9,,60,45,65,60,0,0,52,90,64,7,50,0,0,0,pve-2|pvp-2|popular-pve,Lightweight Frame*,Rifled Barrel*,Corkscrew Rifling,Assault Mag*,Steady Rounds,Grave Robber*,Opening Shot*,Tier 2 Weapon*,,,,,,
IKELOS_SR_v1.0.2,1253087083,"""6917529203678198627""",,Legendary,Sniper Rifle,,Energy,Solar,1053,1360,Handling,1,Vault,true,false,3,11,,57,73,55,60,0,0,36,140,61,5,67,0,0,0,,Rapid-Fire Frame*,Full Bore*,Smallbore,Accurized Rounds*,Appended Mag,No Distractions*,Quickdraw*,Box Breathing,Tier 1 Weapon*,,,,,
Breachlight,1289997971,"""6917529163522687006""",,Legendary,Sidearm,mercury,Kinetic,Kinetic,1050,1260,Range,2,Vault,true,false,3,9,,82,82,56,68,0,0,48,325,31,25,46,0,0,0,pve-4|pvp-4,Aggressive Burst*,Corkscrew Rifling*,Full Bore,Accurized Rounds*,Flared Magwell,Outlaw*,Vorpal Weapon*,Multikill Clip,Tier 2 Weapon*,,,,,
The Old Fashioned,3569802112,"""6917529194825007481""",,Legendary,Hand Cannon,legendaryengram,Kinetic,Kinetic,1050,1260,Stability,3,Vault,true,false,3,9,,95,70,84,53,0,0,67,140,49,9,60,0,0,0,pve-1|pvp-1,Adaptive Frame*,SteadyHand HCS*,Sureshot HCS,Accurized Rounds*,Alloy Magazine,Firmly Planted*,Explosive Payload*,Boss Spec*,Tier 3 Weapon*,,,,,
Shining Sphere,136525518,"""6917529196446014000""",,Legendary,Rocket Launcher,ironbanner,Power,Arc,1050,1360,Blast Radius,2,Vault,true,false,3,11,,60,58,0,0,84,59,45,20,54,1,41,0,0,0,pve-4|pvp-2,Adaptive Frame*,Volatile Launch*,Quick Launch,High-Velocity Rounds*,Impact Casing,Field Prep*,Ambitious Assassin*,Iron Vendetta*,Tier 2 Weapon*,,,,,
Enigma's Draw,1723380073,"""6917529197162823492""",,Legendary,Sidearm,legendaryengram,Kinetic,Kinetic,1050,1310,Range,4,Vault,true,false,3,10,,90,91,51,62,0,0,48,260,28,15,39,0,0,0,,Precision Frame*,Tactic SAS*,Target SAS,Appended Mag*,Flared Magwell,Full Auto Trigger System*,Rangefinder*,Tier 4 Weapon*,,,,,,
IKELOS_SMG_v1.0.2,2222560548,"""6917529197277641904""",,Legendary,Submachine Gun,,Energy,Arc,1050,1360,Stability,5,Vault,true,false,3,11,,90,42,22,54,0,0,57,750,41,31,73,0,0,0,popular-pve,Aggressive Frame*,Polygonal Rifling*,Smallbore,Tactical Mag*,Flared Magwell,Threat Detector*,Vorpal Weapon*,Tier 5 Weapon*,,,,,,
Seventh Seraph CQC-12,1821724780,"""6917529170924408205""",,Legendary,Shotgun,seasonpass,Energy,Solar,1050,1310,Range,2,Vault,true,false,3,10,,56,46,65,57,0,0,51,80,73,7,72,0,0,0,pve-1|pvp-2|popular-pvp,Lightweight Frame*,Smallbore*,Corkscrew Rifling,Tactical Mag*,Light Mag,Quickdraw*,Snapshot Sights*,Tier 2 Weapon*,,,,,,
Perfect Paradox,3393519051,"""6917529159876652880""",,Legendary,Shotgun,sundial,Kinetic,Kinetic,1050,1260,Handling,3,Vault,true,false,3,9,,61,70,65,39,0,0,56,140,77,8,60,0,0,0,pve-2|pvp-1,Rapid-Fire Frame*,Barrel Shroud*,Corkscrew Rifling,Tactical Mag*,Light Mag,Demolitionist*,Opening Shot,One-Two Punch*,Tier 3 Weapon*,,,,,
Seventh Seraph CQC-12,1821724780,"""6917529185059338862""",,Legendary,Shotgun,seasonpass,Energy,Solar,1050,1310,Range,2,Vault,true,false,3,10,,56,46,65,50,0,0,63,90,64,6,81,0,0,0,popular-pvp,Lightweight Frame*,Smoothbore,Barrel Shroud*,Assault Mag*,Extended Mag,Slideshot*,Vorpal Weapon*,Tier 2 Weapon*,,,,,,
Interference VI,2257180473,"""6917529169301058948""",,Legendary,Grenade Launcher,legendaryengram,Power,Arc,1050,1310,Reload Speed,1,Vault,true,false,3,10,,66,61,0,0,38,32,44,120,29,7,42,0,0,0,pvp-1,Adaptive Frame*,Volatile Launch*,Quick Launch,Augmented Drum*,High-Velocity Rounds,Auto-Loading Holster*,Swashbuckler*,Tier 1 Weapon*,,,,,,
Seventh Seraph Carbine,1561006927,"""6917529169306781525""",,Legendary,Auto Rifle,,Kinetic,Kinetic,1050,1310,Stability,1,Vault,true,false,3,10,,74,34,29,67,0,0,50,450,47,34,59,0,0,0,pvp-1,Precision Frame*,Fluted Barrel*,Full Bore,High-Caliber Rounds*,Light Mag,Auto-Loading Holster*,Rampage*,Tier 1 Weapon*,,,,,,
Night Watch,3504336176,"""6917529203678193219""",,Legendary,Scout Rifle,gambitprime,Kinetic,Kinetic,1053,1360,Range,2,Vault,false,false,3,11,,87,69,60,54,0,0,42,200,62,16,78,0,0,0,,Lightweight Frame*,Arrowhead Brake*,Full Bore,Accurized Rounds*,Flared Magwell,Subsistence*,Explosive Payload*,Moving Target,Tier 2 Weapon*,,,,,
Martyr's Retribution,3850168899,"""6917529197501115297""",,Legendary,Grenade Launcher,mercury,Energy,Solar,1052,1260,Reload Speed,5,Vault,true,false,3,9,,100,72,0,0,55,85,41,72,80,1,78,0,0,0,pve-1,Wave Frame*,Countermass*,Quick Launch,High-Velocity Rounds*,Implosion Rounds,Field Prep*,Lead from Gold*,Radar Tuner*,Tier 5 Weapon*,,,,,
Timelines' Vertex,3055192515,"""6917529199669791990""",infuse,Legendary,Fusion Rifle,legendaryengram,Energy,Solar,1054,1310,Stability,1,Vault,true,false,3,10,,60,60,70,52,0,0,47,0,28,8,32,660,0,0,,Adaptive Frame*,Impulse MS3*,Jolt PS,Ionized Battery*,Projection Fuse,Field Prep*,Snapshot Sights*,Tier 1 Weapon*,,,,,,
Line in the Sand,946443267,"""6917529163527734345""",,Legendary,Linear Fusion Rifle,mercury,Power,Arc,1050,1260,"Charge Time, Impact",1,Vault,true,false,3,9,,63,60,38,50,0,0,39,0,31,5,29,496,0,0,pvp-4,Precision Frame*,Full Bore*,Hammer-Forged Rifling,Accelerated Coils*,Projection Fuse,Moving Target*,Clown Cartridge*,Backup Plan,Tier 1 Weapon*,,,,,
Hawthorne's Field-Forged Shotgun,1807343361,"""6917529195909595718""",,Legendary,Shotgun,legendaryengram,Kinetic,Kinetic,1050,1260,Range,3,Vault,true,false,3,9,,60,45,65,68,0,0,43,80,64,8,64,0,0,0,pve-3|pvp-4|popular-pve,Lightweight Frame*,Rifled Barrel,Smallbore*,Tactical Mag,Accurized Rounds*,Grave Robber*,Demolitionist*,Backup Mag*,Tier 3 Weapon*,,,,,
Long Shadow,3745990145,"""6917529195823539703""",,Legendary,Sniper Rifle,strikes,Kinetic,Kinetic,1050,1360,Handling,1,Vault,true,false,3,11,,47,59,70,63,0,0,48,90,46,5,38,0,0,0,pve-1|pvp-1|popular-pve,Adaptive Frame*,ATB Long Range*,ATC Rex,Appended Mag*,Tactical Mag,Firmly Planted*,Triple Tap*,Vanguard Veteran*,Tier 1 Weapon*,,,,,
Trophy Hunter,4166221755,"""6917529143904399791""",,Legendary,Sniper Rifle,seasonpass,Energy,Void,1050,1260,Handling,4,Vault,true,false,3,9,,80,46,90,85,0,0,34,72,41,4,39,0,0,0,pve-3|pvp-1,Aggressive Frame*,Corkscrew Rifling*,Full Bore,Appended Mag*,Steady Rounds,Lead from Gold*,Vorpal Weapon*,Tier 4 Weapon*,,,,,,
Last Hope,3622137132,"""6917529165554654713""",,Legendary,Sidearm,legendaryengram,Energy,Arc,1050,1260,Range,1,Vault,true,false,3,9,,93,75,75,49,0,0,85,491,37,27,58,0,0,0,pve-2|pvp-2|popular-pvp,Omolon Adaptive Frame*,Shortspec SAS*,Target SAS,Armor-Piercing Rounds*,Ricochet Rounds,Feeding Frenzy*,Zen Moment*,Tier 1 Weapon*,,,,,,
Hollow Words,607191995,"""6917529203678200267""",,Legendary,Fusion Rifle,,Energy,Arc,1053,1360,Reload Speed,4,Vault,true,false,3,11,,100,63,80,54,0,0,44,0,14,8,40,740,0,0,,Precision Frame*,Arrowhead Brake*,Chambered Compensator,Ionized Battery*,Particle Repeater,Slideways*,Vorpal Weapon*,Surrounded,Tier 4 Weapon*,,,,,
False Promises,3143732432,"""6917529195586624748""",,Legendary,Auto Rifle,,Kinetic,Kinetic,1050,1360,Range,1,Vault,true,false,3,11,,86,52,33,94,0,0,16,360,44,32,37,0,0,0,pve-2|popular-pve,High-Impact Frame*,Full Bore*,Polygonal Rifling,Alloy Magazine,High-Caliber Rounds*,Overflow*,Eye of the Storm*,Tier 1 Weapon*,,,,,,
Honor's Edge,2857348871,"""6917529195904360205""",,Legendary,Sword,legendaryengram,Power,Arc,1050,1310,Impact,1,Vault,true,false,3,10,,0,0,62,0,0,0,0,0,0,62,0,0,0,0,,Adaptive Frame*,Honed Edge*,Tempered Edge,Burst Guard*,Heavy Guard,Energy Transfer*,Shattering Blade*,Tier 1 Weapon*,,,,,,
Breachlight,1289997971,"""6917529159876661082""",,Legendary,Sidearm,mercury,Kinetic,Kinetic,1050,1260,Handling,2,Vault,true,false,3,9,,82,82,56,62,0,0,48,325,31,25,39,0,0,0,pve-1|pvp-1,Aggressive Burst*,Full Bore*,Smallbore,Steady Rounds*,Alloy Magazine,Demolitionist*,Vorpal Weapon*,Quickdraw,Tier 2 Weapon*,,,,,
Martyr's Retribution,3850168899,"""6917529163527740775""",,Legendary,Grenade Launcher,mercury,Energy,Solar,1050,1260,Reload Speed,3,Vault,true,false,3,9,,75,72,0,0,55,94,32,72,78,1,82,0,0,0,pve-1|pvp-1,Wave Frame*,Countermass,Quick Launch*,High-Velocity Rounds*,Implosion Rounds,Auto-Loading Holster*,Moving Target,Demolitionist*,Tier 3 Weapon*,,,,,
Hawthorne's Field-Forged Shotgun,1807343361,"""6917529160677091998""",,Legendary,Shotgun,legendaryengram,Kinetic,Kinetic,1050,1260,Reload Speed,2,Vault,true,false,3,9,,60,45,65,64,0,0,37,80,75,8,50,0,0,0,pve-2|pvp-2|popular-pve,Lightweight Frame*,Rifled Barrel*,Corkscrew Rifling,Assault Mag,Light Mag*,Grave Robber*,Opening Shot*,Backup Mag*,Tier 2 Weapon*,,,,,
Talons of the Eagle,1982711279,"""6917529196278371312""",,Legendary,Scout Rifle,ironbanner,Kinetic,Kinetic,1052,1360,Handling,3,Vault,true,false,3,11,,81,30,67,89,0,0,36,150,39,14,27,0,0,0,pve-2|pvp-4,High-Impact Frame*,Extended Barrel*,Polygonal Rifling,Accurized Rounds*,Drop Mag,Threat Detector*,Explosive Payload*,Iron Vendetta*,Tier 3 Weapon*,,,,,
Hollow Words,607191995,"""6917529203678193629""",,Legendary,Fusion Rifle,,Energy,Arc,1053,1360,Range,2,Vault,false,false,3,11,,100,63,80,56,0,0,44,0,28,7,40,740,0,0,,Precision Frame*,Arrowhead Brake*,Smallbore,Enhanced Battery*,Ionized Battery,Under Pressure*,Disruption Break*,Backup Plan,Tier 2 Weapon*,,,,,
Steelfeather Repeater,1251729046,"""6917529164046775596""",,Legendary,Auto Rifle,mercury,Kinetic,Kinetic,1050,1260,Handling,3,Vault,true,false,3,9,,57,72,18,50,0,0,38,720,55,49,42,0,0,0,pve-2|pvp-2,Rapid-Fire Frame*,Arrowhead Brake,Full Bore*,Ricochet Rounds*,Light Mag,Feeding Frenzy*,Surrounded,Vorpal Weapon*,Tier 3 Weapon*,,,,,
IKELOS_SR_v1.0.2,1253087083,"""6917529203678198626""",,Legendary,Sniper Rifle,,Energy,Solar,1053,1360,Reload Speed,1,Vault,false,false,3,11,,57,73,55,46,0,0,50,140,62,5,66,0,0,0,,Rapid-Fire Frame*,Full Bore*,Polygonal Rifling,Steady Rounds*,Alloy Magazine,Fourth Time's the Charm*,Quickdraw*,Box Breathing,Minor Spec*,Tier 1 Weapon*,,,,
"First In, Last Out",3616586446,"""6917529203678193346""",,Legendary,Shotgun,,Energy,Arc,1053,1360,Range,3,Vault,false,false,3,11,,68,27,70,74,0,0,46,65,32,7,55,0,0,0,,Precision Frame*,Extended Barrel*,Hammer-Forged Rifling,Extended Mag*,Light Mag,Slideshot*,Surrounded*,Opening Shot,Tier 3 Weapon*,,,,,
Whispering Slab,211938782,"""6917529194471574726""",,Legendary,Combat Bow,,Kinetic,Kinetic,1050,1360,"Draw Time, Charge Time",3,Vault,true,false,3,11,,55,75,68,0,0,0,62,0,64,0,82,0,601,45,,Lightweight Frame*,Agile Bowstring*,Tactile String,Compact Arrow Shaft*,Fiberglass Arrow Shaft,Quickdraw*,Swashbuckler*,Tier 3 Weapon*,,,,,,
Lonesome,2199171672,"""6917529197991711606""",,Legendary,Sidearm,gambitprime,Kinetic,Kinetic,1053,1360,Reload Speed,5,Vault,true,false,3,11,,100,86,51,62,0,0,57,260,33,15,35,0,0,0,,Precision Frame*,Chambered Compensator*,Fluted Barrel,Appended Mag*,Flared Magwell,Zen Moment*,Demolitionist*,Slideshot,Tier 5 Weapon*,,,,,
Traveler's Judgment 5,4149758318,"""6917529163532622810""",,Legendary,Sidearm,sundial,Energy,Arc,1050,1260,Reload Speed,1,Vault,true,false,3,9,,89,75,75,50,0,0,88,491,41,30,69,0,0,0,pve-1,Adaptive Frame*,QuickDot SAS*,FarPoint SAS,Extended Mag,High-Caliber Rounds*,Feeding Frenzy*,Surrounded*,Tier 1 Weapon*,,,,,,
Jack Queen King 3,410996590,"""6917529164031409869""",,Legendary,Hand Cannon,sundial,Energy,Arc,1050,1260,Range,1,Vault,true,false,3,9,,100,96,84,49,0,0,44,140,63,14,76,0,0,0,pve-3|pvp-3,Adaptive Frame*,TrueSight HCS*,HitMark HCS,Appended Mag*,Flared Magwell,Subsistence*,Rampage*,Tier 1 Weapon*,,,,,,
Breachlight,1289997971,"""6917529198902064628""",,Legendary,Sidearm,mercury,Kinetic,Kinetic,1050,1260,Range,2,Vault,true,false,3,9,,100,82,56,64,0,0,43,325,31,25,50,0,0,0,pve-2|pvp-2,Aggressive Burst*,Arrowhead Brake*,Chambered Compensator,Accurized Rounds*,Tactical Mag,Hip-Fire Grip*,Elemental Capacitor*,Vorpal Weapon,Tier 2 Weapon*,,,,,
The Old Fashioned,3569802112,"""6917529203675807632""",,Legendary,Hand Cannon,legendaryengram,Kinetic,Kinetic,1053,1260,Reload Speed,1,Vault,false,false,3,9,,95,70,84,44,0,0,68,140,59,10,60,0,0,0,,Adaptive Frame*,SteadyHand HCS*,Sureshot HCS,Tactical Mag*,Extended Mag,Slideshot*,Surrounded*,Boss Spec*,Tier 1 Weapon*,,,,,
Jack Queen King 3,410996590,"""6917529164041278958""",,Legendary,Hand Cannon,sundial,Energy,Arc,1050,1260,Range,3,Vault,true,false,3,9,,100,96,84,48,0,0,50,140,63,14,82,0,0,0,pve-1|pvp-1,Adaptive Frame*,SteadyHand HCS*,Sureshot HCS,Appended Mag*,Armor-Piercing Rounds,Ambitious Assassin*,Surrounded*,Tier 3 Weapon*,,,,,,
Toil and Trouble,2957367743,"""6917529195940017840""",,Legendary,Shotgun,strikes,Kinetic,Kinetic,1050,1360,Range,4,Vault,true,false,3,11,,59,30,80,34,0,0,59,60,42,5,46,0,0,0,pve-2|pvp-2,Aggressive Frame*,Barrel Shroud*,Full Choke,Assault Mag*,Steady Rounds,Full Auto Trigger System*,Auto-Loading Holster*,Vanguard Veteran*,Tier 4 Weapon*,,,,,
Bad Omens,991314988,"""6917529203678202042""",,Legendary,Rocket Launcher,drifter,Power,Void,1053,1360,Velocity,3,Vault,false,false,3,11,,76,34,0,0,68,68,39,25,65,1,28,0,0,0,,Aggressive Frame*,Confined Launch*,Countermass,Black Powder*,Implosion Rounds,Field Prep*,Quickdraw*,Kill Clip,Gambit Leather*,Tier 3 Weapon*,,,,
Night Watch,3504336176,"""6917529195920185541""",,Legendary,Scout Rifle,gambitprime,Kinetic,Kinetic,1050,1360,Stability,2,Vault,true,false,3,11,,67,69,60,48,0,0,57,200,62,16,60,0,0,0,popular-pve,Lightweight Frame*,Extended Barrel*,Fluted Barrel,Appended Mag,Steady Rounds*,Outlaw*,Demolitionist*,Major Spec*,Tier 2 Weapon*,,,,,
Dire Promise,2742838701,"""6917529196174374344""",,Legendary,Hand Cannon,legendaryengram,Kinetic,Kinetic,1050,1310,Handling,1,Vault,true,false,3,10,,84,92,84,52,0,0,52,140,54,11,65,0,0,0,popular-pve|popular-pvp,Adaptive Frame*,TrueSight HCS*,Crossfire HCS,Alloy Magazine,Armor-Piercing Rounds*,Overflow*,Elemental Capacitor*,Tier 1 Weapon*,,,,,,
Martyr's Retribution,3850168899,"""6917529163517781578""",,Legendary,Grenade Launcher,mercury,Energy,Solar,1050,1260,Velocity,1,Vault,true,false,3,9,,90,72,0,0,55,90,41,72,76,1,78,0,0,0,pve-2|pvp-1,Wave Frame*,Countermass,Smart Drift Control*,High-Velocity Rounds*,Implosion Rounds,Field Prep*,Moving Target,Lead from Gold*,Tier 1 Weapon*,,,,,
Cold Denial,1216130969,"""6917529200022938714""",infuse,Legendary,Pulse Rifle,seasonpass,Kinetic,Kinetic,1053,1360,Reload Speed,3,Vault,true,false,3,11,,73,32,33,70,0,0,54,340,43,28,36,0,0,0,popular-pvp,High-Impact Frame*,Corkscrew Rifling*,Smallbore,Armor-Piercing Rounds*,Flared Magwell,Pulse Monitor*,Swashbuckler*,Sympathetic Arsenal,Tier 3 Weapon*,,,,,
Honor's Edge,2857348871,"""6917529199259939149""",,Legendary,Sword,legendaryengram,Power,Arc,1050,1310,Impact,3,Vault,true,false,3,10,,0,0,63,0,0,0,0,0,0,62,0,0,0,0,,Adaptive Frame*,Honed Edge*,Tempered Edge,Enduring Guard*,Swordmaster's Guard,Relentless Strikes*,Counterattack*,Tier 3 Weapon*,,,,,,
Whispering Slab,211938782,"""6917529198114828599""",infuse,Legendary,Combat Bow,,Kinetic,Kinetic,1054,1360,Accuracy,2,Vault,true,false,3,11,,55,75,68,0,0,0,62,0,64,0,73,0,540,43,,Lightweight Frame*,Elastic String*,Polymer String,Helical Fletching*,Natural Fletching,Hip-Fire Grip*,Opening Shot*,Vorpal Weapon,Tier 2 Weapon*,,,,,
Last Perdition,188882152,"""6917529196889488926""",,Legendary,Pulse Rifle,crucible,Energy,Void,1050,1360,Handling,1,Vault,true,false,3,11,,63,60,29,50,0,0,63,390,75,38,54,0,0,0,,Adaptive Frame*,SLO-10 Post*,SPO-57 Front,Drop Mag*,Steady Rounds,Rangefinder*,Snapshot Sights*,Crucible Legacy*,Tier 1 Weapon*,,,,,
Seventh Seraph Carbine,1561006927,"""6917529168948807030""",,Legendary,Auto Rifle,,Kinetic,Kinetic,1050,1310,Reload Speed,4,Vault,true,false,3,10,,74,34,29,76,0,0,36,450,50,38,41,0,0,0,pvp-1,Precision Frame*,Full Bore*,Polygonal Rifling,Appended Mag*,Ricochet Rounds,Slideshot*,Rangefinder*,Tier 4 Weapon*,,,,,,
Mos Epoch III,1529450902,"""6917529183223623451""",,Legendary,Rocket Launcher,legendaryengram,Power,Arc,1050,1260,Blast Radius,1,Vault,true,false,3,9,,69,32,0,0,50,89,51,25,57,1,35,0,0,0,pvp-4,Aggressive Frame*,Countermass,Smart Drift Control*,Black Powder,Implosion Rounds*,Tracking Module*,Cluster Bomb*,Tier 1 Weapon*,,,,,,
Cold Denial,1216130969,"""6917529203691387939""",,Legendary,Pulse Rifle,seasonpass,Kinetic,Kinetic,1053,1360,Reload Speed,1,Vault,true,false,3,11,,73,32,33,61,0,0,54,340,42,34,45,0,0,0,,High-Impact Frame*,Fluted Barrel*,Full Bore,Appended Mag*,High-Caliber Rounds,Killing Wind*,Swashbuckler*,Sympathetic Arsenal,Tier 1 Weapon*,,,,,
Enigma's Draw,1723380073,"""6917529194953029871""",,Legendary,Sidearm,legendaryengram,Kinetic,Kinetic,1050,1310,Stability,2,Vault,true,false,3,10,,90,91,51,57,0,0,52,260,28,15,42,0,0,0,,Precision Frame*,Shortspec SAS*,Target SAS,Appended Mag*,Ricochet Rounds,Zen Moment*,Rangefinder*,Tier 2 Weapon*,,,,,,
Nature of the Beast,1835747805,"""6917529208500244112""",,Legendary,Hand Cannon,legendaryengram,Energy,Arc,1086,1360,Range,5,Vault,false,false,3,11,,80,81,78,47,0,0,68,180,14,13,44,0,0,0,,Precision Frame*,TrueSight HCS*,Sureshot HCS,Extended Mag*,Alloy Magazine,Snapshot Sights*,Rangefinder*,Tier 5 Weapon*,,,,,,
Cold Denial,1216130969,"""6917529198896395170""",,Legendary,Pulse Rifle,seasonpass,Kinetic,Kinetic,1050,1360,Stability,1,Vault,true,false,3,11,,100,32,33,61,0,0,50,340,23,37,41,0,0,0,popular-pvp,High-Impact Frame*,Arrowhead Brake*,Chambered Compensator,Extended Mag*,Flared Magwell,Zen Moment*,Swashbuckler*,Unrelenting,Tier 1 Weapon*,,,,,
Mos Epoch III,1529450902,"""6917529197928162648""",,Legendary,Rocket Launcher,legendaryengram,Power,Arc,1053,1260,Velocity,4,Vault,true,false,3,9,,69,32,0,0,55,84,29,25,84,1,35,0,0,0,pve-1|pvp-2,Aggressive Frame*,Confined Launch,Smart Drift Control*,Alloy Casing*,High-Velocity Rounds,Tracking Module*,Cluster Bomb*,Tier 4 Weapon*,,,,,,
Steelfeather Repeater,1251729046,"""6917529156945475460""",,Legendary,Auto Rifle,mercury,Kinetic,Kinetic,1050,1260,Stability,1,Vault,true,false,3,9,,57,72,18,45,0,0,39,720,55,49,44,0,0,0,pve-1|pvp-1,Rapid-Fire Frame*,Fluted Barrel,Hammer-Forged Rifling*,Armor-Piercing Rounds*,Light Mag,Feeding Frenzy*,Multikill Clip*,Vorpal Weapon,Tier 1 Weapon*,,,,,
Seventh Seraph VY-7,766323545,"""6917529172413898305""",,Legendary,Submachine Gun,seasonpass,Energy,Arc,1050,1310,Range,6,Vault,true,false,3,10,,100,57,25,73,0,0,48,600,27,27,37,0,0,0,pve-2|pvp-2,Precision Frame*,Arrowhead Brake*,Full Bore,Accurized Rounds*,Appended Mag,Firmly Planted*,Dragonfly*,Tier 6 Weapon*,Tracker Disabled*,Kill Tracker,Crucible Tracker,,,
Long Shadow,3745990145,"""6917529195591853513""",,Legendary,Sniper Rifle,strikes,Kinetic,Kinetic,1050,1360,Handling,1,Vault,true,false,3,11,,47,59,70,45,0,0,48,90,73,4,60,0,0,0,pve-1|popular-pve,Adaptive Frame*,ATB Long Range,ATC Rex*,Drop Mag*,Extended Mag,Threat Detector*,Rampage*,Vanguard Veteran*,Tier 1 Weapon*,,,,,
Patron of Lost Causes,2723241847,"""6917529156945481182""",,Legendary,Scout Rifle,mercury,Kinetic,Kinetic,1050,1260,Reload Speed,1,Vault,true,false,3,9,,59,67,60,49,0,0,43,200,68,16,67,0,0,0,pve-2|pvp-2,Lightweight Frame*,Extended Barrel,Hammer-Forged Rifling*,Appended Mag,Tactical Mag*,Rapid Hit*,Vorpal Weapon*,Explosive Payload,Tier 1 Weapon*,,,,,
Hollow Words,607191995,"""6917529203747139121""",,Legendary,Fusion Rifle,,Energy,Arc,1053,1360,"Charge Time, Impact",2,Vault,false,false,3,11,,85,63,79,63,0,0,44,0,10,8,22,732,0,0,,Precision Frame*,Extended Barrel*,Polygonal Rifling,Ionized Battery*,Projection Fuse,Under Pressure*,Surrounded*,Backup Plan,Tier 2 Weapon*,,,,,
Arsenic Bite-4b,720351795,"""6917529203747140794""",,Legendary,Combat Bow,legendaryengram,Energy,Arc,1050,1360,Accuracy,3,Vault,false,false,3,11,,51,81,68,0,0,0,71,0,64,0,68,0,540,48,,Lightweight Frame*,Elastic String*,Natural String,Carbon Arrow Shaft*,Fiberglass Arrow Shaft,Dragonfly*,Sneak Bow*,Distant Earth*,Tier 3 Weapon*,,,,,
Berenger's Memory,407621213,"""6917529199596546773""",infuse,Legendary,Grenade Launcher,,Power,Void,1053,1360,Reload Speed,3,Vault,true,false,3,11,,70,30,0,0,22,58,32,150,41,7,20,0,0,0,pvp-1,Rapid-Fire Frame*,Volatile Launch*,Quick Launch,Thermoplastic Grenades,High-Velocity Rounds*,Clown Cartridge*,Demolitionist,Shield Disorient*,Backup Mag*,Tier 3 Weapon*,,,,
Talons of the Eagle,1982711279,"""6917529196300354156""",,Legendary,Scout Rifle,ironbanner,Kinetic,Kinetic,1050,1360,Stability,1,Vault,true,false,3,11,,100,30,67,71,0,0,42,150,48,15,42,0,0,0,pve-1|pvp-1,High-Impact Frame*,Arrowhead Brake*,Hammer-Forged Rifling,Accurized Rounds,Tactical Mag*,Full Auto Trigger System*,Opening Shot*,Iron Vendetta*,Tier 1 Weapon*,,,,,
Trophy Hunter,4166221755,"""6917529148417977660""",,Legendary,Sniper Rifle,seasonpass,Energy,Void,1050,1260,Stability,2,Vault,true,false,3,9,,80,46,90,85,0,0,36,72,23,4,35,0,0,0,pve-2|pvp-1,Aggressive Frame*,Chambered Compensator,Corkscrew Rifling*,Accurized Rounds,Extended Mag*,Triple Tap*,Vorpal Weapon*,Tier 2 Weapon*,,,,,,
Jian 7 Rifle,1162247618,"""6917529189509416034""",,Legendary,Pulse Rifle,legendaryengram,Energy,Arc,1050,1310,Range,2,Vault,true,false,3,10,,80,64,29,53,0,0,50,390,43,33,61,0,0,0,pve-1|pvp-1,Adaptive Frame*,SLO-10 Post*,SPO-57 Front,Alloy Magazine*,Ricochet Rounds,Full Auto Trigger System*,Rampage*,Tier 2 Weapon*,,,,,,
Uriel's Gift,3863882743,"""6917529167194717760""",,Legendary,Auto Rifle,legendaryengram,Energy,Arc,1050,1260,Stability,1,Vault,true,false,3,9,,71,44,29,72,0,0,46,450,46,33,37,0,0,0,,Precision Frame*,Impulse MS3*,Spark PS,Alloy Magazine*,Armor-Piercing Rounds,Firmly Planted*,Disruption Break*,Tier 1 Weapon*,,,,,,
Bad Omens,991314988,"""6917529195854907092""",,Legendary,Rocket Launcher,drifter,Power,Void,1050,1360,Blast Radius,3,Vault,true,false,3,11,,76,34,0,0,72,70,25,25,65,1,24,0,0,0,pvp-3|popular-pve,Aggressive Frame*,Volatile Launch*,Smart Drift Control,Alloy Casing,Black Powder*,Snapshot Sights*,Cluster Bomb*,Gambit Leather*,Tier 3 Weapon*,,,,,
The Last Dance,2009277538,"""6917529203768513925""",,Legendary,Sidearm,strikes,Energy,Arc,1053,1360,Range,3,Vault,false,false,3,11,,97,75,75,39,0,0,99,491,49,27,66,0,0,0,,Omolon Adaptive Frame*,Control SAS*,Target SAS,FarPoint SAS,Flared Magwell*,Light Mag,Outlaw*,Dragonfly*,Vanguard Veteran*,Tier 3 Weapon*,,,,
Patron of Lost Causes,2723241847,"""6917529160400323571""",,Legendary,Scout Rifle,mercury,Kinetic,Kinetic,1050,1260,Handling,4,Vault,true,false,3,9,,69,67,60,40,0,0,48,200,40,18,66,0,0,0,pve-3|pvp-4,Lightweight Frame*,Chambered Compensator*,Full Bore,Extended Mag*,Steady Rounds,Rapid Hit*,Opening Shot*,Explosive Payload,Tier 4 Weapon*,,,,,
Last Hope,3622137132,"""6917529203768515132""",,Legendary,Sidearm,legendaryengram,Energy,Arc,1054,1260,Reload Speed,1,Vault,false,false,3,9,,93,75,75,41,0,0,91,491,38,27,64,0,0,0,,Omolon Adaptive Frame*,Control SAS*,Tactic SAS,Alloy Magazine*,High-Caliber Rounds,Field Prep*,Hip-Fire Grip*,Tier 1 Weapon*,,,,,,
True Prophecy,2742838700,"""6917529196265971769""",,Legendary,Hand Cannon,legendaryengram,Kinetic,Kinetic,1050,1310,Reload Speed,5,Vault,true,false,3,10,,93,67,92,62,0,0,34,120,61,9,50,0,0,0,pve-1|pvp-2,Aggressive Frame*,Fastdraw HCS*,HitMark HCS,Drop Mag*,Tactical Mag,Rangefinder*,Elemental Capacitor*,Tier 5 Weapon*,,,,,,
Last Hope,3622137132,"""6917529203768513506""",,Legendary,Sidearm,legendaryengram,Energy,Arc,1050,1260,Handling,5,Vault,false,false,3,9,,93,75,75,45,0,0,86,491,37,27,73,0,0,0,,Omolon Adaptive Frame*,QuickDot SAS*,FarPoint SAS,High-Caliber Rounds*,Light Mag,Firmly Planted*,Rampage*,Tier 5 Weapon*,,,,,,
The Old Fashioned,3569802112,"""6917529174277205767""",,Legendary,Hand Cannon,legendaryengram,Kinetic,Kinetic,1050,1260,Reload Speed,1,Vault,true,false,3,9,,95,70,84,49,0,0,60,140,59,10,50,0,0,0,,Adaptive Frame*,HitMark HCS*,Crossfire HCS,Tactical Mag*,Flared Magwell,Firmly Planted*,Snapshot Sights*,Freehand Grip*,Tier 1 Weapon*,,,,,
Enigma's Draw,1723380073,"""6917529195569975067""",,Legendary,Sidearm,legendaryengram,Kinetic,Kinetic,1050,1310,Stability,1,Vault,true,false,3,10,,90,91,51,54,0,0,58,260,28,15,48,0,0,0,,Precision Frame*,Control SAS*,Tactic SAS,Appended Mag*,High-Caliber Rounds,Zen Moment*,Demolitionist*,Tier 1 Weapon*,,,,,,
Pyroclastic Flow,1289324202,"""6917529164051683341""",,Legendary,Rocket Launcher,seasonpass,Power,Solar,1050,1260,Blast Radius,3,Vault,true,false,3,9,,63,59,0,0,64,75,32,15,59,1,47,0,0,0,pve-2|pvp-3,Precision Frame*,Confined Launch,Hard Launch*,Alloy Casing*,Black Powder,Quickdraw*,Auto-Loading Holster*,Tier 3 Weapon*,,,,,,
Line in the Sand,946443267,"""6917529156883020168""",,Legendary,Linear Fusion Rifle,mercury,Power,Arc,1050,1260,Handling,1,Vault,true,false,3,9,,93,60,41,36,0,0,48,0,31,6,43,533,0,0,pve-3|pvp-1,Precision Frame*,Arrowhead Brake*,Chambered Compensator,Enhanced Battery*,Liquid Coils,Rapid Hit*,Rampage*,Clown Cartridge,Tier 1 Weapon*,,,,,
Lonesome,2199171672,"""6917529203887783858""",,Legendary,Sidearm,gambitprime,Kinetic,Kinetic,1053,1360,Reload Speed,1,Vault,true,false,3,11,,100,86,51,71,0,0,48,260,30,12,31,0,0,0,,Precision Frame*,Extended Barrel*,Polygonal Rifling,Alloy Magazine*,High-Caliber Rounds,Full Auto Trigger System*,Swashbuckler*,Demolitionist,Tier 1 Weapon*,,,,,
Escape Velocity,1786797708,"""6917529197395670129""",,Legendary,Submachine Gun,legendaryengram,Kinetic,Kinetic,1052,1310,Stability,4,Vault,true,false,3,10,,80,45,15,36,0,0,47,900,41,38,82,0,0,0,,Lightweight Frame*,IS 2 Classic*,IS 5 Circle,Tactical Mag*,Alloy Magazine,Overflow*,Elemental Capacitor*,Tier 4 Weapon*,,,,,,
Long Shadow,3745990145,"""6917529203823180995""",,Legendary,Sniper Rifle,strikes,Kinetic,Kinetic,1050,1360,Reload Speed,2,Vault,false,false,3,11,,47,59,70,53,0,0,61,90,48,4,50,0,0,0,,Adaptive Frame*,ATD Raptor*,ATC Rex,Steady Rounds*,Flared Magwell,Rapid Hit*,Ambitious Assassin*,Vanguard Veteran*,Tier 2 Weapon*,,,,,
Mos Epoch III,1529450902,"""6917529203817683846""",,Legendary,Rocket Launcher,legendaryengram,Power,Arc,1050,1260,Handling,1,Vault,false,false,3,9,,84,32,0,0,55,76,29,25,84,1,36,0,0,0,,Aggressive Frame*,Countermass*,Quick Launch,Alloy Casing*,Black Powder,Rangefinder*,Cluster Bomb*,Tier 1 Weapon*,,,,,,
Perfect Paradox,3393519051,"""6917529164041281912""",,Legendary,Shotgun,sundial,Kinetic,Kinetic,1050,1260,Reload Speed,3,Vault,true,false,3,9,,61,70,65,39,0,0,56,140,79,8,58,0,0,0,pvp-2,Rapid-Fire Frame*,Rifled Barrel,Barrel Shroud*,Tactical Mag*,Light Mag,Slideshot*,Rampage*,Opening Shot,Tier 3 Weapon*,,,,,
Temptation's Hook,35794111,"""6917529198677090826""",,Legendary,Sword,,Power,Arc,1052,1360,Impact,4,Vault,true,false,3,11,,0,0,50,0,0,0,0,0,0,55,0,0,0,0,popular-pve,Caster Frame*,Enduring Blade,Honed Edge*,Tempered Edge,Burst Guard,Swordmaster's Guard*,Relentless Strikes*,Whirlwind Blade*,En Garde,Tier 4 Weapon*,,,,
Berenger's Memory,407621213,"""6917529203887790078""",,Legendary,Grenade Launcher,,Power,Void,1053,1360,Blast Radius,2,Vault,false,false,3,11,,100,30,0,0,16,53,32,150,56,5,33,0,0,0,,Rapid-Fire Frame*,Countermass*,Quick Launch,Alloy Casing*,Mini Frags,Pulse Monitor*,Rampage*,Shield Disorient,Tier 2 Weapon*,,,,,
Lonesome,2199171672,"""6917529196895894899""",,Legendary,Sidearm,gambitprime,Kinetic,Kinetic,1050,1360,Stability,5,Vault,true,false,3,11,,100,86,51,67,0,0,52,260,29,12,49,0,0,0,,Precision Frame*,Arrowhead Brake*,Chambered Compensator,Armor-Piercing Rounds*,Flared Magwell,Full Auto Trigger System*,Multikill Clip*,Tier 5 Weapon*,,,,,,
Main Ingredient,253196586,"""6917529194723205342""",,Legendary,Fusion Rifle,strikes,Energy,Arc,1050,1360,Stability,3,Vault,true,false,3,11,,73,59,75,68,0,0,57,0,32,5,47,700,0,0,pve-1|pvp-3,Precision Frame*,Cleanshot IS*,Hitmark IS,Red Dot Micro,Accelerated Coils*,Projection Fuse,Moving Target*,Backup Plan*,Vanguard Veteran*,Tier 3 Weapon*,,,,
Interference VI,2257180473,"""6917529198890505068""",infuse,Legendary,Grenade Launcher,legendaryengram,Power,Arc,1053,1310,Reload Speed,4,Vault,true,false,3,10,,66,61,0,0,28,59,35,120,59,6,46,0,0,0,pve-1|pvp-1,Adaptive Frame*,Hard Launch*,Smart Drift Control,High-Velocity Rounds*,Mini Frags,Grave Robber*,Demolitionist*,Tier 4 Weapon*,,,,,,
Temptation's Hook,35794111,"""6917529199160121454""",,Legendary,Sword,,Power,Arc,1052,1360,Impact,3,Vault,true,false,3,11,,0,0,47,0,0,0,0,0,0,59,0,0,0,0,popular-pve,Caster Frame*,Hungry Edge*,Jagged Edge,Tempered Edge,Enduring Guard*,Swordmaster's Guard,Relentless Strikes*,Whirlwind Blade*,En Garde,Backup Mag*,Tier 3 Weapon*,,,
Seventh Seraph SAW,2582755344,"""6917529181515528016""",,Legendary,Machine Gun,,Power,Arc,1050,1310,Reload Speed,4,Vault,true,false,3,10,,71,30,70,66,0,0,30,360,24,56,44,0,0,0,pve-1|pvp-1,High-Impact Frame*,Arrowhead Brake*,Full Bore,Extended Mag*,Flared Magwell,Clown Cartridge*,Elemental Capacitor*,Tier 4 Weapon*,,,,,,
Lonesome,2199171672,"""6917529208510791876""",,Legendary,Sidearm,gambitprime,Kinetic,Kinetic,1094,1360,Handling,1,Vault,false,false,3,11,,100,86,51,67,0,0,48,260,29,12,50,0,0,0,,Precision Frame*,Arrowhead Brake*,Polygonal Rifling,High-Caliber Rounds*,Light Mag,Rapid Hit*,Slideshot*,Tier 1 Weapon*,,,,,,
Escape Velocity,1786797708,"""6917529196278362996""",,Legendary,Submachine Gun,legendaryengram,Kinetic,Kinetic,1051,1310,Stability,1,Vault,true,false,3,10,,80,45,15,40,0,0,44,900,41,38,80,0,0,0,pvp-1,Lightweight Frame*,Model 6 Loop*,Model 8 Red,Tactical Mag*,Flared Magwell,Zen Moment*,Quickdraw*,Tier 1 Weapon*,,,,,,
Honor's Edge,2857348871,"""6917529195229159710""",,Legendary,Sword,legendaryengram,Power,Arc,1050,1310,Impact,2,Vault,true,false,3,10,,0,0,63,0,0,0,0,0,0,62,0,0,0,0,,Adaptive Frame*,Honed Edge*,Tempered Edge,Burst Guard*,Heavy Guard,Tireless Blade*,Shattering Blade*,Tier 2 Weapon*,,,,,,
Wishbringer,3356526253,"""6917529208500243265""",,Legendary,Shotgun,crucible,Energy,Solar,1071,1360,Handling,1,Vault,false,false,3,11,,43,68,65,46,0,0,51,140,53,7,40,0,0,0,,Rapid-Fire Frame*,Smoothbore*,Smallbore,Steady Rounds*,Accurized Rounds,Threat Detector*,Auto-Loading Holster*,Crucible Legacy*,Tier 1 Weapon*,,,,,
Distant Tumulus,2807687156,"""6917529199662942623""",infuse,Legendary,Sniper Rifle,legendaryengram,Energy,Solar,1053,1310,Stability,2,Vault,true,false,3,10,,52,72,55,50,0,0,43,140,61,5,71,0,0,0,pve-1|pvp-2,Rapid-Fire Frame*,Corkscrew Rifling*,Extended Barrel,Accurized Rounds*,Tactical Mag,Lead from Gold*,Snapshot Sights*,Tier 2 Weapon*,,,,,,
Gnawing Hunger,821154603,"""6917529196850094734""",,Legendary,Auto Rifle,gambitprime,Energy,Void,1051,1360,Stability,1,Vault,true,false,3,11,,54,65,21,67,0,0,54,600,61,43,71,0,0,0,pvp-1|popular-pve|popular-pvp,Adaptive Frame*,Corkscrew Rifling*,Hammer-Forged Rifling,Accurized Rounds*,Tactical Mag,Zen Moment*,Rampage*,Tier 1 Weapon*,,,,,,
Telesto,2208405142,"""6917529058160666452""",,Exotic,Fusion Rifle,,Energy,Void,1050,,,10,Vault,false,false,1,2,,66,46,85,42,0,0,81,0,82,4,66,780,0,0,,Unplanned Reprieve*,Projection Fuse*,Harbinger's Pulse*,Polymer Grip*,Dread from Below*,Telesto Catalyst*,,,,,,,,
Perfect Paradox,3393519051,"""6917529160410976154""",,Legendary,Shotgun,sundial,Kinetic,Kinetic,1050,1260,Reload Speed,1,Vault,true,false,3,9,,61,70,65,39,0,0,56,140,78,8,58,0,0,0,pve-1|pvp-1,Rapid-Fire Frame*,Barrel Shroud*,Full Choke,Tactical Mag*,Light Mag,Field Prep*,Swashbuckler*,Trench Barrel,Tier 1 Weapon*,,,,,
Infinite Paths 8,3233390913,"""6917529163532628323""",,Legendary,Pulse Rifle,sundial,Energy,Arc,1050,1260,Reload Speed,4,Vault,true,false,3,9,,89,76,27,37,0,0,60,450,77,36,79,0,0,0,pve-1|pvp-1,Lightweight Frame*,Arrowhead Brake*,Corkscrew Rifling,Tactical Mag*,Steady Rounds,Genesis*,Swashbuckler*,Tier 4 Weapon*,,,,,,
"First In, Last Out",3616586446,"""6917529197789574907""",,Legendary,Shotgun,,Energy,Arc,1052,1360,Reload Speed,1,Vault,true,false,3,11,,58,27,70,76,0,0,50,70,51,6,60,0,0,0,,Precision Frame*,Full Bore*,Smallbore,Assault Mag*,Accurized Rounds,Hip-Fire Grip*,Demolitionist*,Tier 1 Weapon*,,,,,,
"First In, Last Out",3616586446,"""6917529197402031974""",,Legendary,Shotgun,,Energy,Arc,1052,1360,Handling,5,Vault,true,false,3,11,,88,27,70,62,0,0,46,65,50,7,78,0,0,0,pve-2|pvp-1,Precision Frame*,Arrowhead Brake*,Fluted Barrel,Appended Mag*,Steady Rounds,Outlaw*,Demolitionist*,Tier 5 Weapon*,,,,,,
Dire Promise,2742838701,"""6917529166248210217""",,Legendary,Hand Cannon,legendaryengram,Kinetic,Kinetic,1050,1310,Reload Speed,1,Vault,true,false,3,10,,84,92,84,50,0,0,54,140,55,11,75,0,0,0,pve-1|popular-pve|popular-pvp,Adaptive Frame*,Fastdraw HCS*,SteadyHand HCS,Extended Mag,High-Caliber Rounds*,Triple Tap*,Osmosis*,Tier 1 Weapon*,,,,,,
Seventh Seraph SAW,2582755344,"""6917529181298663563""",,Legendary,Machine Gun,,Power,Arc,1050,1310,Stability,3,Vault,true,false,3,10,,71,30,70,66,0,0,37,360,51,43,44,0,0,0,,High-Impact Frame*,Arrowhead Brake*,Chambered Compensator,Flared Magwell*,Light Mag,Auto-Loading Holster*,Elemental Capacitor*,Valkyrie Zero*,Tier 3 Weapon*,,,,,
Hollow Words,607191995,"""6917529197282127851""",,Legendary,Fusion Rifle,,Energy,Arc,1050,1360,Stability,2,Vault,true,false,3,11,,85,63,80,63,0,0,46,0,28,7,22,740,0,0,pve-1|pvp-1,Precision Frame*,Extended Barrel*,Fluted Barrel,Enhanced Battery*,Projection Fuse,Lead from Gold*,Disruption Break*,Tier 2 Weapon*,,,,,,
Le Monarque,3588934839,"""6917529132977744572""",,Exotic,Combat Bow,blackarmory,Energy,Void,1050,,,,Vault,false,false,2,5,,78,70,76,0,0,0,56,0,46,0,63,0,684,85,,Poison Arrows*,Natural String*,Compact Arrow Shaft*,Snapshot Sights*,,,,,,,,,,
Bite of the Fox,3169616514,"""6917529196300353145""",,Legendary,Sniper Rifle,ironbanner,Kinetic,Kinetic,1052,1360,Range,5,Vault,true,false,3,11,,68,41,90,78,0,0,32,72,60,4,46,0,0,0,pve-1|pvp-2,Aggressive Frame*,Fluted Barrel*,Smallbore,Accurized Rounds,Drop Mag*,Snapshot Sights*,Explosive Payload*,Iron Vendetta*,Backup Mag*,Tier 5 Weapon*,,,,
Witherhoard,2357297366,"""6917529195738757310""",,Exotic,Grenade Launcher,seasonpass,Kinetic,Kinetic,1050,,Handling,10,Vault,true,false,3,11,,100,84,0,0,8,21,71,90,40,6,100,0,0,0,,Primeval's Torment*,Countermass*,Black Powder*,Break the Bank*,Composite Stock*,White Collar Crime*,Tracker Disabled*,Kill Tracker,Crucible Tracker,Witherhoard Catalyst*,,,,
Bad Omens,991314988,"""6917529198682252905""",,Legendary,Rocket Launcher,drifter,Power,Void,1052,1360,Reload Speed,1,Vault,true,false,3,11,,76,34,0,0,68,70,25,25,93,1,24,0,0,0,pvp-3|popular-pve,Aggressive Frame*,Volatile Launch*,Countermass,Alloy Casing*,High-Velocity Rounds,Auto-Loading Holster*,Cluster Bomb*,Genesis,Gambit Leather*,Tier 1 Weapon*,,,,
Temptation's Hook,35794111,"""6917529199166167195""",,Legendary,Sword,,Power,Arc,1052,1360,Impact,1,Vault,true,false,3,11,,0,0,46,0,0,0,0,0,0,59,0,0,0,0,popular-pve,Caster Frame*,Hungry Edge*,Honed Edge,Jagged Edge,Enduring Guard*,Heavy Guard,Relentless Strikes*,Flash Counter*,En Garde,Tier 1 Weapon*,,,,
Bad Omens,991314988,"""6917529199166167480""",,Legendary,Rocket Launcher,drifter,Power,Void,1052,1360,Blast Radius,3,Vault,true,false,3,11,,76,34,0,0,64,79,30,25,92,1,28,0,0,0,pve-1|pvp-1|popular-pve,Aggressive Frame*,Linear Compensator*,Smart Drift Control,Alloy Casing*,Implosion Rounds,Tracking Module*,Cluster Bomb*,Quickdraw,Gambit Leather*,Tier 3 Weapon*,,,,
Hollow Words,607191995,"""6917529196272738061""",,Legendary,Fusion Rifle,,Energy,Arc,1050,1360,"Charge Time, Impact",4,Vault,true,false,3,11,,85,63,78,54,0,0,53,0,28,7,26,724,0,0,,Precision Frame*,Chambered Compensator*,Smallbore,Enhanced Battery*,Projection Fuse,Feeding Frenzy*,Vorpal Weapon*,Minor Spec*,Tier 4 Weapon*,,,,,
Bad Omens,991314988,"""6917529198975830619""",,Legendary,Rocket Launcher,drifter,Power,Void,1050,1360,Handling,1,Vault,true,false,3,11,,76,34,0,0,68,70,25,25,92,1,24,0,0,0,pvp-3|popular-pve,Aggressive Frame*,Volatile Launch*,Countermass,Alloy Casing*,High-Velocity Rounds,Tracking Module*,Cluster Bomb*,Genesis,Gambit Leather*,Tier 1 Weapon*,,,,
Martyr's Retribution,3850168899,"""6917529164046773114""",,Legendary,Grenade Launcher,mercury,Energy,Solar,1050,1260,Blast Radius,1,Vault,true,false,3,9,,75,72,0,0,55,94,32,72,76,1,82,0,0,0,pve-2|pvp-1,Wave Frame*,Linear Compensator,Quick Launch*,High-Velocity Rounds*,Implosion Rounds,Field Prep*,Elemental Capacitor,Rangefinder*,Tier 1 Weapon*,,,,,
Bad Omens,991314988,"""6917529195614604222""",,Legendary,Rocket Launcher,drifter,Power,Void,1050,1360,Reload Speed,2,Vault,true,false,3,11,,76,34,0,0,68,70,25,25,94,1,24,0,0,0,pvp-2|popular-pve,Aggressive Frame*,Volatile Launch*,Linear Compensator,Alloy Casing*,Black Powder,Snapshot Sights*,Quickdraw*,Gambit Leather*,Tier 2 Weapon*,,,,,
Uriel's Gift,3863882743,"""6917529179142416377""",,Legendary,Auto Rifle,legendaryengram,Energy,Arc,1050,1260,Stability,4,Vault,true,false,3,9,,71,44,29,64,0,0,49,450,28,45,58,0,0,0,pve-2|pvp-2,Precision Frame*,Candle PS*,Jolt PS,Extended Mag*,Armor-Piercing Rounds,Field Prep*,Kill Clip*,Backup Mag*,Tier 4 Weapon*,,,,,
Timelines' Vertex,3055192515,"""6917529184407857764""",,Legendary,Fusion Rifle,legendaryengram,Energy,Solar,1050,1310,Reload Speed,3,Vault,true,false,3,10,,60,60,70,52,0,0,46,0,49,7,32,660,0,0,,Adaptive Frame*,Impulse MS3*,Spark PS,Enhanced Battery*,Particle Repeater,Firmly Planted*,Demolitionist*,Tier 3 Weapon*,,,,,,
Enigma's Draw,1723380073,"""6917529182550288650""",,Legendary,Sidearm,legendaryengram,Kinetic,Kinetic,1050,1310,Range,1,Vault,true,false,3,10,,90,91,51,55,0,0,52,260,28,15,52,0,0,0,,Precision Frame*,QuickDot SAS*,Control SAS,Appended Mag*,Flared Magwell,Grave Robber*,Swashbuckler*,Tier 1 Weapon*,,,,,,
Bad Omens,991314988,"""6917529194953028085""",,Legendary,Rocket Launcher,drifter,Power,Void,1050,1360,Velocity,1,Vault,true,false,3,11,,100,34,0,0,60,76,34,25,92,1,37,0,0,0,pve-1|pvp-2|popular-pve,Aggressive Frame*,Countermass*,Linear Compensator,Alloy Casing*,Black Powder,Tracking Module*,Cluster Bomb*,Gambit Leather*,Tier 1 Weapon*,,,,,
Honor's Edge,2857348871,"""6917529199682511109""",infuse,Legendary,Sword,legendaryengram,Power,Arc,1053,1310,Impact,1,Vault,true,false,3,10,,0,0,60,0,0,0,0,0,0,66,0,0,0,0,,Adaptive Frame*,Hungry Edge*,Enduring Blade,Burst Guard*,Enduring Guard,Energy Transfer*,Shattering Blade*,Tier 1 Weapon*,,,,,,
Falling Guillotine,614426548,"""6917529199596551248""",,Legendary,Sword,seasonpass,Power,Void,1050,1360,Impact,2,Vault,true,false,3,11,,0,0,61,0,0,0,0,0,0,64,0,0,0,0,popular-pve,Vortex Frame*,Hungry Edge*,Jagged Edge,Tempered Edge,Heavy Guard*,Swordmaster's Guard,Tireless Blade*,Surrounded*,En Garde,Tier 2 Weapon*,,,,
Honor's Edge,2857348871,"""6917529197799487269""",,Legendary,Sword,legendaryengram,Power,Arc,1050,1310,Impact,2,Vault,true,false,3,10,,0,0,59,0,0,0,0,0,0,69,0,0,0,0,,Adaptive Frame*,Enduring Blade*,Jagged Edge,Burst Guard*,Heavy Guard,Relentless Strikes*,Flash Counter*,Tier 2 Weapon*,,,,,,
Hollow Words,607191995,"""6917529196446018507""",,Legendary,Fusion Rifle,,Energy,Arc,1050,1360,Range,5,Vault,true,false,3,11,,75,63,80,72,0,0,35,0,28,7,26,740,0,0,pve-5|pvp-3,Precision Frame*,Full Bore*,Hammer-Forged Rifling,Enhanced Battery*,Liquid Coils,Feeding Frenzy*,Disruption Break*,Tier 5 Weapon*,,,,,,
Jian 7 Rifle,1162247618,"""6917529195831842660""",,Legendary,Pulse Rifle,legendaryengram,Energy,Arc,1050,1310,Range,1,Vault,true,false,3,10,,80,64,29,58,0,0,55,390,57,33,57,0,0,0,pve-1|pvp-1,Adaptive Frame*,SPO-28 Front*,SPO-26 Front,Appended Mag,Flared Magwell*,Zen Moment*,Rangefinder*,Tier 1 Weapon*,,,,,,
Truthteller,1946491241,"""6917529194050528134""",,Legendary,Grenade Launcher,legendaryengram,Energy,Void,1050,1360,Handling,3,Vault,true,false,3,11,,70,79,0,0,55,68,49,90,74,1,75,0,0,0,,Lightweight Frame*,Confined Launch*,Quick Launch,Spike Grenades*,High-Velocity Rounds,Auto-Loading Holster*,Multikill Clip*,Tier 3 Weapon*,,,,,,
Honor's Edge,2857348871,"""6917529197389827559""",,Legendary,Sword,legendaryengram,Power,Arc,1050,1310,Impact,4,Vault,true,false,3,10,,0,0,64,0,0,0,0,0,0,62,0,0,0,0,,Adaptive Frame*,Honed Edge*,Jagged Edge,Burst Guard*,Heavy Guard,Energy Transfer*,Counterattack*,Tier 4 Weapon*,,,,,,
Seventh Seraph CQC-12,1821724780,"""6917529177128117411""",,Legendary,Shotgun,seasonpass,Energy,Solar,1050,1310,Reload Speed,2,Vault,true,false,3,10,,56,46,65,55,0,0,60,90,66,6,72,0,0,0,popular-pvp,Lightweight Frame*,Smallbore*,Full Choke,Assault Mag*,Tactical Mag,Quickdraw*,Vorpal Weapon*,Tier 2 Weapon*,Tyrant's Cudgel*,,,,,
Temptation's Hook,35794111,"""6917529196446015992""",,Legendary,Sword,,Power,Arc,1050,1360,Impact,4,Vault,true,false,3,11,,0,0,48,0,0,0,0,0,0,59,0,0,0,0,popular-pve,Caster Frame*,Hungry Edge*,Enduring Blade,Honed Edge,Heavy Guard*,Swordmaster's Guard,Tireless Blade*,En Garde*,Tier 4 Weapon*,,,,,
The Old Fashioned,3569802112,"""6917529198976702266""",,Legendary,Hand Cannon,legendaryengram,Kinetic,Kinetic,1052,1260,Handling,2,Vault,true,false,3,9,,95,70,84,53,0,0,60,140,49,9,66,0,0,0,pve-1|pvp-1,Adaptive Frame*,Fastdraw HCS*,Crossfire HCS,Accurized Rounds*,Flared Magwell,Quickdraw*,Snapshot Sights*,Tier 2 Weapon*,,,,,,
The Fool's Remedy,65611680,"""6917529196307686998""",,Legendary,Sidearm,ironbanner,Energy,Solar,1050,1360,Handling,1,Vault,true,false,3,11,,94,63,35,39,0,0,64,450,44,18,64,0,0,0,,SUROS Rapid-Fire*,Tactic SAS*,FarPoint SAS,Appended Mag*,High-Caliber Rounds,Moving Target*,Kill Clip*,Iron Vendetta*,Tier 1 Weapon*,,,,,
Honor's Edge,2857348871,"""6917529181521518071""",,Legendary,Sword,legendaryengram,Power,Arc,1050,1310,Impact,1,Vault,true,false,3,10,,0,0,60,0,0,0,0,0,0,66,0,0,0,0,,Adaptive Frame*,Hungry Edge*,Honed Edge,Balanced Guard*,Swordmaster's Guard,Relentless Strikes*,Flash Counter*,Tier 1 Weapon*,,,,,,
The Old Fashioned,3569802112,"""6917529196564350225""",,Legendary,Hand Cannon,legendaryengram,Kinetic,Kinetic,1051,1260,Handling,2,Vault,true,false,3,9,,95,70,84,56,0,0,58,140,49,9,55,0,0,0,pve-2|pvp-2,Adaptive Frame*,TrueSight HCS*,Sureshot HCS,Accurized Rounds*,Flared Magwell,Slideshot*,Kill Clip*,Tier 2 Weapon*,,,,,,
Gnawing Hunger,821154603,"""6917529199676908328""",infuse,Legendary,Auto Rifle,gambitprime,Energy,Void,1053,1360,Handling,1,Vault,true,false,3,11,,54,65,21,67,0,0,40,600,88,43,63,0,0,0,pve-2|pvp-1|popular-pve|popular-pvp,Adaptive Frame*,Full Bore*,Polygonal Rifling,Drop Mag*,Appended Mag,Auto-Loading Holster*,Kill Clip*,Demolitionist,Major Spec*,Tier 1 Weapon*,,,,
Seventh Seraph SI-2,3937866388,"""6917529177030046620""",,Legendary,Sidearm,,Energy,Void,1050,1310,Reload Speed,5,Vault,true,false,3,10,,100,68,43,32,0,0,51,360,57,15,65,0,0,0,,Lightweight Frame*,Chambered Compensator*,Polygonal Rifling,Accurized Rounds*,Flared Magwell,Threat Detector*,Vorpal Weapon*,Tier 5 Weapon*,,,,,,
Seventh Seraph Officer Revolver,3037520408,"""6917529177089032607""",,Legendary,Hand Cannon,,Kinetic,Kinetic,1050,1310,Reload Speed,4,Vault,true,false,3,10,,84,68,78,44,0,0,57,180,58,11,37,0,0,0,,Precision Frame*,Hammer-Forged Rifling*,Smallbore,Appended Mag*,Extended Mag,Ambitious Assassin*,Multikill Clip*,Tier 4 Weapon*,,,,,,
Point of the Stag,3434944005,"""6917529172166921224""",,Legendary,Combat Bow,ironbanner,Energy,Arc,1050,1310,Accuracy,10,Vault,true,false,3,10,,77,77,76,0,0,0,60,0,46,0,65,0,612,74,,Precision Frame*,Elastic String*,Natural Fletching*,No Distractions,Archer's Tempo*,Vorpal Weapon,Eye of the Storm*,Iron Precious*,Targeting Adjuster*,Masterwork*,Tracker Disabled,Kill Tracker,Crucible Tracker*,
Jian 7 Rifle,1162247618,"""6917529179537685102""",,Legendary,Pulse Rifle,legendaryengram,Energy,Arc,1050,1310,Range,3,Vault,true,false,3,10,,80,64,29,64,0,0,50,390,43,33,57,0,0,0,pve-1|pvp-1,Adaptive Frame*,SPO-28 Front*,SPO-26 Front,Armor-Piercing Rounds*,Light Mag,Disruption Break*,Dragonfly*,Tier 3 Weapon*,,,,,,
Nature of the Beast,1835747805,"""6917529197395668905""",,Legendary,Hand Cannon,legendaryengram,Energy,Arc,1050,1360,Range,2,Vault,true,false,3,11,,80,81,78,50,0,0,69,180,32,10,55,0,0,0,pve-2|pvp-2,Precision Frame*,Fastdraw HCS*,Sureshot HCS,Accurized Rounds*,Tactical Mag,Quickdraw*,Dragonfly*,Tier 2 Weapon*,,,,,,
The Fool's Remedy,65611680,"""6917529196300361233""",,Legendary,Sidearm,ironbanner,Energy,Solar,1050,1360,Stability,5,Vault,true,false,3,11,,94,63,35,34,0,0,73,450,44,18,77,0,0,0,,SUROS Rapid-Fire*,QuickDot SAS*,FarPoint SAS,Appended Mag*,Light Mag,Hip-Fire Grip*,Kill Clip*,Iron Vendetta*,Tier 5 Weapon*,,,,,
"First In, Last Out",3616586446,"""6917529197799482868""",,Legendary,Shotgun,,Energy,Arc,1052,1360,Range,1,Vault,true,false,3,11,,58,27,70,63,0,0,50,65,32,7,78,0,0,0,pve-2|pvp-1,Precision Frame*,Fluted Barrel*,Full Bore,Extended Mag*,Accurized Rounds,Outlaw*,Vorpal Weapon*,Tier 1 Weapon*,,,,,,
Seventh Seraph SAW,2582755344,"""6917529181521519748""",,Legendary,Machine Gun,,Power,Arc,1050,1310,Range,3,Vault,true,false,3,10,,41,30,70,68,0,0,39,360,38,43,35,0,0,0,pve-1|pvp-1,High-Impact Frame*,Polygonal Rifling*,Smallbore,Alloy Magazine*,Appended Mag,Field Prep*,Elemental Capacitor*,Tier 3 Weapon*,,,,,,
"First In, Last Out",3616586446,"""6917529198682258859""",,Legendary,Shotgun,,Energy,Arc,1052,1360,Range,3,Vault,true,false,3,11,,58,27,70,78,0,0,50,70,50,6,60,0,0,0,,Precision Frame*,Full Bore*,Hammer-Forged Rifling,Assault Mag*,Steady Rounds,Hip-Fire Grip*,Opening Shot*,Vorpal Weapon,Tier 3 Weapon*,,,,,
Traveler's Judgment 5,4149758318,"""6917529163532627778""",,Legendary,Sidearm,sundial,Energy,Arc,1050,1260,Range,1,Vault,true,false,3,9,,89,75,75,46,0,0,93,491,22,42,65,0,0,0,pve-1|pvp-1,Adaptive Frame*,Control SAS*,FarPoint SAS,Extended Mag*,Flared Magwell,Feeding Frenzy*,Headseeker*,Tier 1 Weapon*,,,,,,
The Fool's Remedy,65611680,"""6917529196300357761""",,Legendary,Sidearm,ironbanner,Energy,Solar,1050,1360,Handling,2,Vault,true,false,3,11,,94,63,35,39,0,0,78,450,44,15,78,0,0,0,,SUROS Rapid-Fire*,QuickDot SAS*,Target SAS,Ricochet Rounds*,Flared Magwell,Moving Target*,Eye of the Storm*,Iron Vendetta*,Tier 2 Weapon*,,,,,
Traveler's Judgment 5,4149758318,"""6917529163512005120""",,Legendary,Sidearm,sundial,Energy,Arc,1050,1260,Reload Speed,2,Vault,true,false,3,9,,89,75,75,50,0,0,100,491,42,30,65,0,0,0,pve-1,Adaptive Frame*,Control SAS*,FarPoint SAS,Ricochet Rounds*,Light Mag,Feeding Frenzy*,Dragonfly*,Tier 2 Weapon*,,,,,,
Mos Epoch III,1529450902,"""6917529182555755825""",,Legendary,Rocket Launcher,legendaryengram,Power,Arc,1050,1260,Velocity,2,Vault,true,false,3,9,,54,32,0,0,52,100,20,25,66,1,26,0,0,0,pve-4,Aggressive Frame*,Hard Launch*,Smart Drift Control,High-Velocity Rounds*,Impact Casing,Auto-Loading Holster*,Shield Disorient*,Tier 2 Weapon*,,,,,,
True Prophecy,2742838700,"""6917529169708230599""",,Legendary,Hand Cannon,legendaryengram,Kinetic,Kinetic,1050,1310,Range,3,Vault,true,false,3,10,,93,67,92,65,0,0,43,120,39,10,46,0,0,0,pve-1|pvp-1,Aggressive Frame*,SteadyHand HCS*,TrueSight HCS,Tactical Mag*,Alloy Magazine,Grave Robber*,Elemental Capacitor*,Tier 3 Weapon*,,,,,,
Steelfeather Repeater,1251729046,"""6917529164051691770""",,Legendary,Auto Rifle,mercury,Kinetic,Kinetic,1050,1260,Range,3,Vault,true,false,3,9,,67,72,18,48,0,0,38,720,55,49,35,0,0,0,pve-4|pvp-3,Rapid-Fire Frame*,Extended Barrel*,Full Bore,Alloy Magazine,High-Caliber Rounds*,Subsistence*,Swashbuckler*,Osmosis,Tier 3 Weapon*,,,,,
Dire Promise,2742838701,"""6917529197162822825""",,Legendary,Hand Cannon,legendaryengram,Kinetic,Kinetic,1050,1310,Handling,3,Vault,true,false,3,10,,84,92,84,50,0,0,50,140,54,11,64,0,0,0,pve-1|pvp-1|popular-pve|popular-pvp,Adaptive Frame*,HitMark HCS*,Crossfire HCS,Alloy Magazine*,Ricochet Rounds,Opening Shot*,Elemental Capacitor*,Tier 3 Weapon*,,,,,,
Infinite Paths 8,3233390913,"""6917529145943291479""",,Legendary,Pulse Rifle,sundial,Energy,Arc,1050,1260,Stability,4,Vault,true,false,3,9,,59,76,27,37,0,0,68,450,78,33,84,0,0,0,pve-3|pvp-1,Lightweight Frame*,Fluted Barrel*,Full Bore,Drop Mag,Flared Magwell*,Demolitionist*,Dragonfly*,Tier 4 Weapon*,,,,,,
Last Hope,3622137132,"""6917529182886053602""",,Legendary,Sidearm,legendaryengram,Energy,Arc,1050,1260,Range,2,Vault,true,false,3,9,,93,75,75,50,0,0,78,491,19,36,50,0,0,0,pve-2|pvp-2|popular-pvp,Omolon Adaptive Frame*,Target SAS*,FarPoint SAS,Extended Mag*,Ricochet Rounds,Feeding Frenzy*,Zen Moment*,Tier 2 Weapon*,,,,,,
Gallant Charge,1706206669,"""6917529163501471857""",,Legendary,Fusion Rifle,mercury,Energy,Solar,1050,1260,"Charge Time, Impact",3,Vault,true,false,3,9,,76,61,94,76,0,0,22,0,24,5,23,848,0,0,pve-3|pvp-3,High-Impact Frame*,Full Bore*,Hammer-Forged Rifling,Accelerated Coils,Projection Fuse*,Demolitionist*,Tap the Trigger*,Swashbuckler,Tier 3 Weapon*,,,,,
Seventh Seraph SI-2,3937866388,"""6917529174503877569""",,Legendary,Sidearm,,Energy,Void,1050,1310,Reload Speed,3,Vault,true,false,3,10,,100,68,43,32,0,0,51,360,55,15,65,0,0,0,,Lightweight Frame*,Chambered Compensator*,Polygonal Rifling,Accurized Rounds*,Extended Mag,Full Auto Trigger System*,Zen Moment*,Tier 3 Weapon*,,,,,,
"First In, Last Out",3616586446,"""6917529199160117386""",,Legendary,Shotgun,,Energy,Arc,1052,1360,Reload Speed,1,Vault,true,false,3,11,,88,27,70,62,0,0,60,70,51,6,73,0,0,0,,Precision Frame*,Arrowhead Brake*,Fluted Barrel,Assault Mag*,Light Mag,Outlaw*,Demolitionist*,Vorpal Weapon,Tier 1 Weapon*,,,,,
"First In, Last Out",3616586446,"""6917529198677089496""",,Legendary,Shotgun,,Energy,Arc,1052,1360,Range,5,Vault,true,false,3,11,,58,27,70,62,0,0,64,65,50,6,78,0,0,0,pve-1|pvp-1,Precision Frame*,Fluted Barrel*,Full Bore,Steady Rounds*,Accurized Rounds,Slideshot*,Demolitionist*,Eye of the Storm,Tier 5 Weapon*,,,,,
Dire Promise,2742838701,"""6917529165201889783""",,Legendary,Hand Cannon,legendaryengram,Kinetic,Kinetic,1050,1310,Stability,1,Vault,true,false,3,10,,84,92,84,50,0,0,68,140,54,11,70,0,0,0,pve-1|pvp-1|popular-pve|popular-pvp,Adaptive Frame*,SteadyHand HCS*,Sureshot HCS,Ricochet Rounds*,Flared Magwell,Opening Shot*,Swashbuckler*,Tier 1 Weapon*,,,,,,
False Promises,3143732432,"""6917529197174849543""",,Legendary,Auto Rifle,,Kinetic,Kinetic,1052,1360,Stability,4,Vault,true,false,3,11,,86,52,33,75,0,0,33,360,44,36,55,0,0,0,popular-pve,High-Impact Frame*,Fluted Barrel*,Hammer-Forged Rifling,Appended Mag*,High-Caliber Rounds,Feeding Frenzy*,Unrelenting*,Tier 4 Weapon*,,,,,,
True Prophecy,2742838700,"""6917529197162822940""",,Legendary,Hand Cannon,legendaryengram,Kinetic,Kinetic,1052,1310,Stability,1,Vault,true,false,3,10,,93,67,92,74,0,0,33,120,30,9,40,0,0,0,pve-1|pvp-1,Aggressive Frame*,TrueSight HCS*,Crossfire HCS,Accurized Rounds*,Tactical Mag,Rangefinder*,Explosive Payload*,Tier 1 Weapon*,,,,,,
Truthteller,1946491241,"""6917529197466824862""",,Legendary,Grenade Launcher,legendaryengram,Energy,Void,1050,1360,Velocity,1,Vault,true,false,3,11,,70,79,0,0,55,68,49,90,74,1,72,0,0,0,pve-2|pvp-1,Lightweight Frame*,Confined Launch*,Smart Drift Control,Spike Grenades*,High-Velocity Rounds,Field Prep*,Swashbuckler*,Tier 1 Weapon*,,,,,,
Lonesome,2199171672,"""6917529196636213207""",,Legendary,Sidearm,gambitprime,Kinetic,Kinetic,1051,1360,Range,1,Vault,true,false,3,11,,90,86,51,63,0,0,52,260,29,12,53,0,0,0,pve-3|pvp-4,Precision Frame*,Fluted Barrel*,Full Bore,Alloy Magazine*,Appended Mag,Rapid Hit*,Opening Shot*,Tier 1 Weapon*,,,,,,
Escape Velocity,1786797708,"""6917529195613510624""",,Legendary,Submachine Gun,legendaryengram,Kinetic,Kinetic,1050,1310,Range,3,Vault,true,false,3,10,,80,45,15,34,0,0,39,900,59,37,86,0,0,0,pve-1|pvp-1,Lightweight Frame*,IS 5 Circle*,Model 6 Loop,Drop Mag*,Steady Rounds,Zen Moment*,Elemental Capacitor*,Tier 3 Weapon*,,,,,,
Night Watch,3504336176,"""6917529199675951363""",infuse,Legendary,Scout Rifle,gambitprime,Kinetic,Kinetic,1053,1360,Range,1,Vault,true,false,3,11,,57,69,60,49,0,0,46,200,62,18,73,0,0,0,pve-1|pvp-1|popular-pve,Lightweight Frame*,Corkscrew Rifling*,Extended Barrel,Appended Mag*,Steady Rounds,Subsistence*,Rampage*,Multikill Clip,Tier 1 Weapon*,,,,,
IKELOS_SR_v1.0.2,1253087083,"""6917529198988402565""",,Legendary,Sniper Rifle,,Energy,Solar,1052,1360,Handling,1,Vault,true,false,3,11,,67,73,55,37,0,0,54,140,61,7,67,0,0,0,pvp-1|popular-pve,Rapid-Fire Frame*,Chambered Compensator*,Polygonal Rifling,Appended Mag*,Alloy Magazine,Triple Tap*,High-Impact Reserves*,Quickdraw,Tier 1 Weapon*,,,,,
IKELOS_SMG_v1.0.2,2222560548,"""6917529199665723751""",infuse,Legendary,Submachine Gun,,Energy,Arc,1053,1360,Reload Speed,3,Vault,true,false,3,11,,100,42,22,63,0,0,39,750,34,30,82,0,0,0,popular-pve,Aggressive Frame*,Arrowhead Brake*,Fluted Barrel,Accurized Rounds*,Tactical Mag,Pulse Monitor*,Vorpal Weapon*,Demolitionist,Tier 3 Weapon*,,,,,
Last Hope,3622137132,"""6917529195142054486""",,Legendary,Sidearm,legendaryengram,Energy,Arc,1050,1260,Reload Speed,1,Vault,true,false,3,9,,93,75,75,45,0,0,86,491,38,27,68,0,0,0,popular-pvp,Omolon Adaptive Frame*,QuickDot SAS*,FarPoint SAS,Alloy Magazine,High-Caliber Rounds*,Quickdraw*,Dragonfly*,Tier 1 Weapon*,,,,,,
Night Watch,3504336176,"""6917529198988403461""",,Legendary,Scout Rifle,gambitprime,Kinetic,Kinetic,1052,1360,Range,1,Vault,true,false,3,11,,67,69,60,53,0,0,46,200,71,17,60,0,0,0,pve-2|pvp-2|popular-pve,Lightweight Frame*,Extended Barrel*,Hammer-Forged Rifling,Tactical Mag*,Alloy Magazine,Rapid Hit*,Moving Target*,Multikill Clip,Tier 1 Weapon*,,,,,
Lonesome,2199171672,"""6917529196419558570""",,Legendary,Sidearm,gambitprime,Kinetic,Kinetic,1050,1360,Reload Speed,2,Vault,true,false,3,11,,90,86,51,67,0,0,52,260,31,12,53,0,0,0,pvp-1,Precision Frame*,Fluted Barrel*,Hammer-Forged Rifling,High-Caliber Rounds*,Flared Magwell,Zen Moment*,Opening Shot*,Tier 2 Weapon*,,,,,,
False Promises,3143732432,"""6917529199676907723""",infuse,Legendary,Auto Rifle,,Kinetic,Kinetic,1053,1360,Stability,1,Vault,true,false,3,11,,100,52,33,75,0,0,26,360,44,32,50,0,0,0,popular-pve,High-Impact Frame*,Arrowhead Brake*,Polygonal Rifling,Alloy Magazine*,Flared Magwell,Threat Detector*,Surrounded*,Zen Moment,Tier 1 Weapon*,,,,,
Seventh Seraph VY-7,766323545,"""6917529195637145130""",,Legendary,Submachine Gun,seasonpass,Energy,Arc,1050,1310,Stability,2,Vault,true,false,3,10,,100,57,25,59,0,0,50,600,10,30,37,0,0,0,,Precision Frame*,Arrowhead Brake*,Corkscrew Rifling,Extended Mag*,Flared Magwell,Fourth Time's the Charm*,Feeding Frenzy*,Tier 2 Weapon*,,,,,,
Line in the Sand,946443267,"""6917529163527735625""",,Legendary,Linear Fusion Rifle,mercury,Power,Arc,1050,1260,Range,3,Vault,true,false,3,9,,63,60,41,57,0,0,48,0,31,6,33,533,0,0,pve-3|pvp-3,Precision Frame*,Arrowhead Brake,Hammer-Forged Rifling*,Ionized Battery,Projection Fuse*,Rapid Hit*,Backup Plan*,Dragonfly,Backup Mag*,Tier 3 Weapon*,,,,
Gnawing Hunger,821154603,"""6917529197985427153""",,Legendary,Auto Rifle,gambitprime,Energy,Void,1050,1360,Handling,1,Vault,true,false,3,11,,64,65,21,71,0,0,49,600,61,43,59,0,0,0,pve-1|pvp-2|popular-pve|popular-pvp,Adaptive Frame*,Extended Barrel*,Polygonal Rifling,Accurized Rounds*,Appended Mag,Tap the Trigger*,Rampage*,Kill Clip,Tier 1 Weapon*,,,,,
Honor's Edge,2857348871,"""6917529197939206498""",,Legendary,Sword,legendaryengram,Power,Arc,1050,1310,Impact,2,Vault,true,false,3,10,,0,0,61,0,0,0,0,0,0,66,0,0,0,0,,Adaptive Frame*,Hungry Edge*,Honed Edge,Balanced Guard*,Heavy Guard,Tireless Blade*,Counterattack*,Tier 2 Weapon*,,,,,,
Seventh Seraph VY-7,766323545,"""6917529177663809188""",,Legendary,Submachine Gun,seasonpass,Energy,Arc,1050,1310,Stability,2,Vault,true,false,3,10,,100,57,25,68,0,0,50,600,27,29,19,0,0,0,,Precision Frame*,Extended Barrel*,Fluted Barrel,Appended Mag*,Extended Mag,Firmly Planted*,Vorpal Weapon*,Tier 2 Weapon*,,,,,,
IKELOS_SMG_v1.0.2,2222560548,"""6917529198902070571""",,Legendary,Submachine Gun,,Energy,Arc,1050,1360,Reload Speed,3,Vault,true,false,3,11,,90,42,22,77,0,0,30,750,34,30,68,0,0,0,popular-pve,Aggressive Frame*,Full Bore*,Smallbore,Accurized Rounds*,Tactical Mag,Grave Robber*,Tap the Trigger*,Vorpal Weapon,Tier 3 Weapon*,,,,,
Patron of Lost Causes,2723241847,"""6917529163532623234""",,Legendary,Scout Rifle,mercury,Kinetic,Kinetic,1050,1260,Range,1,Vault,true,false,3,9,,74,67,60,54,0,0,43,200,58,15,71,0,0,0,pve-4|pvp-3,Lightweight Frame*,Arrowhead Brake,Corkscrew Rifling*,Accurized Rounds*,Flared Magwell,Rapid Hit*,Vorpal Weapon,Osmosis*,Counterbalance Stock*,Tier 1 Weapon*,,,,
True Prophecy,2742838700,"""6917529168965612594""",,Legendary,Hand Cannon,legendaryengram,Kinetic,Kinetic,1050,1310,Stability,2,Vault,true,false,3,10,,93,67,92,62,0,0,36,120,12,12,50,0,0,0,,Aggressive Frame*,Fastdraw HCS*,HitMark HCS,Extended Mag*,Steady Rounds,Opening Shot*,Demolitionist*,Tier 2 Weapon*,,,,,,